File Name,Old Key,Translation
ru.kdd1.txt,First Level,Первый Уровень
ru.kdd1.txt,Second Level,Второй Уровень
ru.kdd1.txt,Third Level,Третий Уровень
ru.kdd1.txt,Fourth Level,Четвёртый Уровень
ru.kdd1.txt,Mastery Level,Зона Мастера
ru.kdd1.txt,entr1,"Битро Бадкин, профессиональный зачиститель подземелий пятого поколения, был нанят Королём Дуганом, чтобы очистить многоэтажные королевские темницы от огромного скопища монстров.
Битро заплатят за каждую комнату, и как профессионал, по контракту он обязуется очистить все комнаты в подземелье, перед тем как получить оплату.
Единственное оружие, нужное Битро для работы - это его Очень Большой Меч, разящий почти любого монстра с одного удара.

-----

""Надеюсь, что уж за верхний-то уровень мне не придётся платить. Мне его уже и так почистили. Ну, по большей части."" -Король Дуган"
ru.kdd1.txt,entr2,"Битро немного не в форме, но следующий уровень быстро заставит его вспомнить былые навыки."
ru.kdd1.txt,entr3,"""Хмм... пока что я вижу только тараканов"", подумал Битро, ""работка выглядит непыльной""."
ru.kdd1.txt,entr4,"""Ах, если бы я мог взять с собой побольше двойников на нижние уровни"", сказал Битро. ""Дело бы пошло намного быстрее."""
ru.kdd1.txt,entr4Back,"Битро вернулся завершить работу по зачистке, на которую он был нанят."
ru.kdd1.txt,entrMaster,"Битро спустился по ступеням и оказался в не отмеченном на карте коридоре...

За зачистку этого места он не получит платы, но профессиональная гордость не позволяет ему оставить уровень неочищенным."
ru.kdd1.txt,sc1e0,Используйте цифровую клавиатуру или 789 гшщ олд (789uiojkl) для передвижения. Кнопки могут быть перенастроены в Меню (Escape).
ru.kdd1.txt,sc1e1,"Для просмотра кнопок управления в любой момент, нажмите Escape и выберите `Как Играть` а затем `Общая Помощь`."
ru.kdd1.txt,sc1_1n,"Значение этой жёлтой двери будет ясно позже.

Пока что просто продолжайте идти на запад."
ru.kdd1.txt,sc1_1n1w1,Поворачивайте меч кнопками `Й` и `Ц` (`Q` и `W`).
ru.kdd1.txt,sc1_1n1w2,"Ударьте сферу мечом, чтобы открыть двери в комнате."
ru.kdd1.txt,sc1_1n1w3,Некоторые сферы переключают жёлтые двери между открытым и закрытым состоянием.
ru.kdd1.txt,sc1_2n1w1,"Вы можете узнать, что делает сфера, кликнув на неё мышкой. Двери, высвеченные разными цветами, показывают разные возможные эффекты."
ru.kdd1.txt,sc1_2n1w2,"Вместо того, чтобы переключать состояние жёлтой двери, некоторые сферы могут только открывать или только закрывать её."
ru.kdd1.txt,sc1_3n1w1,Синие ворота открываются только когда все требуемые комнаты на уровне (этаже) полностью очищены.
ru.kdd1.txt,sc1_3n1w2,Требуемые комнаты помечены на мини-карте красным фоном.
ru.kdd1.txt,sc1_3n2w1,Голоса и текст могут быть пропущены нажатием кнопки `Space`.
ru.kdd1.txt,sc1_3n2w2,"Когда вы убьёте всех монстров и выйдете из комнаты, она будет помечена как зачищенная."
ru.kdd1.txt,sc1_3n2w3,"На мини-карте зачищенные комнаты имеют белый фон, а незачищенные - красный."
ru.kdd1.txt,sc1_3n2w4,"Победите все требуемые комнаты, чтобы открыть путь на следующий уровень."
ru.kdd1.txt,sc1_4n3w,"Стрелки блокируют путь Битро и монстров в сторону, противоположную той, куда они указывают."
ru.kdd1.txt,sc1_4n1w,"Зелёные ворота открываются, когда вы убьёте всех монстров в комнате."
ru.kdd1.txt,sc1_5n1w1,"Посмотрите, как ведёт себя южный таракан, когда он хочет пойти по диагонали, но блокирован. Используйте кнопку ""Ш"" (""I"") или цифровую 5, чтобы пропускать ходы."
ru.kdd1.txt,sc1_5n1w2,"Большинство монстров, встречая угол, всегда выберут движение по вертикали, а не по горизонтали."
ru.kdd1.txt,sc1_5n2w1,"Помните, что вы можете кликнуть сферу мышкой, чтобы узнать, на какие двери она влияет."
ru.kdd1.txt,sc1_5n2w2,"Осторожно!  Здесь довольно опасно.

Если вы сделали ошибку, нажмите кнопку `Backspace`, чтобы отменить последний ход. Можно отменить до трёх ходов подряд."
ru.kdd1.txt,sc1_5n2w3,Вы также можете отменить ход (или начать комнату заново) в момент смерти!
ru.kdd1.txt,sc1_5n2w4,"Точка сохранения ('X') позволяет вам отменить все последующие ходы и вернуться на неё.
Нажмите `К` (`R`), чтобы начать комнату заново или вернуться на последнюю точку сохранения, на которой вы побывали."
ru.kdd1.txt,sc1_6n2w,"Хороший мечник может победить всех тараканов, не используя южное укрытие, чтобы спрятаться!"
ru.kdd1.txt,sc1_6n3w1,"Используйте тактику удара назад, чтобы избавится от таракана."
ru.kdd1.txt,sc1_6n3w2,"Переместитесь на зелёный пол так, чтобы таракан оказался на песчаной клетке строго к северу от вас..."
ru.kdd1.txt,sc1_6n3w3,"Переместитесь на зелёный пол так, чтобы таракан оказался на песчаной клетке строго к югу от вас..."
ru.kdd1.txt,sc1_6n3w4,"...а потом пойдите на северо-восток, чтобы убить его."
ru.kdd1.txt,sc1_6n3w5,"...а потом пойдите на юго-восток, чтобы убить его."
ru.kdd1.txt,sc1_6n3w6,"Повторите снова, чтобы освоить удар назад. Эта тактика вам сильно пригодится в будущих битвах."
ru.kdd1.txt,sc1_5n1,Аварийный выход в неисправности.
ru.kdd1.txt,sc1_5n2,"Издвиняйте, мы дом дальше не строить пока тут везде всегда вокруг такая большая таракан."
ru.kdd1.txt,sc1_4n,"Пожалуйста, оставляйте двери оранжереи закрытыми."
ru.kdd1.txt,sc1_1n1e,"Эти ступени ведут на следующий уровень. Берегитесь того, что вы встретите там..."
ru.kdd1.txt,sc2_2n1,"Знаете ли вы что, если держать Shift, когда вы делаете ход, вы автоматически сделаете противоположный ход сразу после него?"
ru.kdd1.txt,sc2_2n2,"Shift+Ждать пропускает все ходы до следующего периода разрастания, а `Цифровой +` или `=` сделают ход противоположный предыдущему!"
ru.kdd1.txt,sc2_1n1e,Нечего быть таким деструктивным.
ru.kdd1.txt,sc2e,"Начните с северных комнат, чтобы не ходить слишком долго туда и обратно."
ru.kdd1.txt,sc2_1s3e1,"Вы можете предотвратить случайный выход из комнаты, заперев её кнопкой `Ч` (`X`)."
ru.kdd1.txt,sc2_1s3e2,"Маленький замок на мини-карте показывает, что комната заперта."
ru.kdd1.txt,sc2_1s,"Не делай этого! Очевидно, что произойдёт!"
ru.kdd1.txt,sc2_2s3e,"Делая всё в нужное время, вы существенно упрощаете себе жизнь."
ru.kdd1.txt,sc3_3n,"Предупреждаю вас насчёт двойников. Они вам не друзья и не враги - просто они двигаются так же, как и вы. Не поворачивайтесь к ним спиной."
ru.kdd1.txt,sc3_3n1e,"Все узники были съедены гигантскими тараканами, и я следующий! В гробу я видел такую работу. Я смываюсь!

-Тюремный Надзиратель"
ru.kdd1.txt,sc3_2n,"В этот проход возможно попасть, не входя в комнату снова после её очистки."
ru.kdd1.txt,sc3_1n1w,"С эликсиром невидимости они не могут вас увидеть, но могут учуять, если подойти к ним достаточно близко."
ru.kdd1.txt,sc3_1e,Такая длинная прогулка. Даже кажется излишней.
ru.kdd1.txt,sc3_1s,"Восемь Ворот Билла - это весьма трудная головоломка. Раньше она была намного сложнее, но теперь я могу проверять сферы, чтобы узнать что они делают."
ru.kdd1.txt,sc3_2s1w,"Вот что я вам скажу - когда вы видите длинный и тяжёлый путь, хорошенько поищите короткий."
ru.kdd1.txt,sc3_2s1,"Возвращайся назад! Разве ты не знаешь, что только в последнем году количество смертей, связанных с подземельями, возросло на 32 процента?"
ru.kdd1.txt,sc3_2s2,"Посмотри в лицо фактам - исследование подземелий очень опасно, особенно в сочетании с алкогольными напитками.
-РППС (Родители Против Подземельной Смертности)"
ru.kdd1.txt,sc4_2n1e1,"Это стена мастера. Она не откроется, пока вы не завоюете Крепость, а также все её секреты."
ru.kdd1.txt,sc4_2n1e2,"В оригинальном ""Подземелье Короля Дугана"" здесь была комната-портал, позволяющая пропустить несколько уровней."
ru.kdd1.txt,sc4_1n1,"Подсказка:

Помощь двойника не нужна, чтобы сражаться с тараканами у входа."
ru.kdd1.txt,sc4_1n2,"Подсказка:

Постарайтесь использовать тактику УДАРА НАЗАД: это очень полезно, когда монстры подобрались с обоих сторон!"
ru.kdd1.txt,sc4_2e,"Если у вас хороший стиль, все 9 двойников будут построены справа от вас."
ru.kdd1.txt,scMe1,Более трудные версии существующих головоломок.
ru.kdd1.txt,scMe2,Последние слова!
ru.kdd1.txt,scMe3,"Непростые, оригинальные комнаты."
ru.kdd1.txt,scM_1s1,"Вот и всё. Вы завершили всё что есть в этой игре. Кроме, может быть, нескольких Достижений."
ru.kdd1.txt,scM_1s2,Я вас сердечно поздравляю и приглашаю продолжить ваше путешествие.
ru.kdd1.txt,scM_1s3,"На сайте CaravelGames.com, вы можете найти следующие эпизоды KDDL или скачать одну из полных игр DROD для Windows, MacOS, или Linux."
ru.kdd1.txt,scM_1s4,Продолжайте играть!
ru.kdd1.txt,scM_1s5,"Вот небольшая награда! Попробуйте убить все глаза, не наступая на коричневую траву."
ru.kdd1.txt,scM_1s6,"Тараканьи Матки умрут сами, как только вы достигнете точки сохранения в правом верхнем углу."
ru.kdd1.txt,scM_1s7,"Браво, так держать!"
ru.kdd1.txt,sp1e0,Используйте цифровую клавиатуру для передвижения.
ru.kdd1.txt,sp1e1,"Если вы играете на ноутбуке, можно также использовать 789 гшщ олд (789uiojkl) для передвижения."
ru.kdd1.txt,sp1e2,"Идите на север, чтобы продолжить."
ru.kdd1.txt,sp1_3n2w1,"Ага, первый таракан подземелья!"
ru.kdd1.txt,sp1_3n2w2,"Иди к Битро, ты, будущий тараканий бургер!"
ru.kdd1.txt,sp1_3n2w3,"Чистая работа! Я чувствую, это задание окажется просто прекрасным!"
ru.kdd1.txt,sp1_6n2w,"Я мог бы перебить всех этих тараканов и не прячась в укрытии, но мне сегодня лень."
ru.kdd1.txt,sp1_6n3w1,Вы нашли секретную комнату!
ru.kdd1.txt,sp1_6n3w2,"Найдите и завоюйте все секретные комнаты, чтобы получить доступ в специальную зону мастеров."
ru.kdd1.txt,sp2_2e,"Эта матка наплодит кучу новых тараканов, пока я буду бегать за сферой и обратно!"
ru.kdd1.txt,sp2_1s1e1,"Эй, это же тенекрыл!"
ru.kdd1.txt,sp2_1s1e2,"Всего один... значит, придётся гоняться за ним по всей комнате."
ru.kdd1.txt,sp2_1s1e3,"Тенекрылы, в отличие от тараканов, убегают от Битро и стараются дежаться за пять клеток от него."
ru.kdd1.txt,sp2_1s1e4,"В больших количествах они, однако, менее пугливые и могут запросто напасть, если окружат."
ru.kdd1.txt,sp2_2s2e1,"А могу ли я перебить всех этих маток, прежде чем они отложат яйца?"
ru.kdd1.txt,sp2_2s2e2,Аааа... не успел!
ru.kdd1.txt,sp2_2s2e3,Ха! Никаких проблем!
ru.kdd1.txt,sp2_2s3e1,"Я уверен, можно было прикончить этих маток чище."
ru.kdd1.txt,sp2_2s3e2,"Вот ЭТО я понимаю, зачистил так зачистил."
ru.kdd1.txt,sp3_3n1e,"Ни одного узника не осталось? Одинокое будет задание, даже поговорить не с кем..."
ru.kdd1.txt,sp3_2n,Кроме шуток.
ru.kdd1.txt,sp3_1n2w0,"Ого!  Кажется, здесь без эликсира не обойтись!"
ru.kdd1.txt,sp3_1n2w1,"Ура!  Теперь матки не будут откадывать яйца, пока я от них далеко!"
ru.kdd1.txt,sp3_1n2w2,"Это было трудновато, но хороший зачиститель вроде меня и не такое может!"
ru.kdd1.txt,sp3_1n2w3,Ха!  Для меня трудных задач не бывает!
ru.kdd1.txt,sp3_1n1w1,"Эй, это довольно круто!"
ru.kdd1.txt,sp3_1n1w2,"Я знаю, что я мог бы очистить комнату и не становясь невидимым, но всё равно было весело."
ru.kdd1.txt,sp3_1n1w3,"Это было совсем не трудно... интересно, зачем там этот эликсир?"
ru.kdd1.txt,sp3_1s,"Я мог бы открыть все двери раньше, чем сейчас."
ru.kdd1.txt,sp3_3s1w1,Это выглядит подозрительно... какая то ловушка...
ru.kdd1.txt,sp3_3s1w2,"После удара по сфере я могу очистить комнату, не поворачивая меч. Просто для потехи!"
ru.kdd1.txt,sp3_3s1w3,"Ну, я повернул меч, но хотя бы жив остался!"
ru.kdd1.txt,sp3_3s1w4,"Ура!  Жалко, что меня никто не видел."
ru.kdd1.txt,sp4_2n1e,"Опять секретная комната там, где никто, кроме меня, её не ожидает."
ru.kdd1.txt,sp4_1n1,"Я мог бы зачистить комнату, не возвращаясь в коридор у входа."
ru.kdd1.txt,sp4_1n2,Битро Бадкин преодолеет любые трудности!
ru.kdd1.txt,sp4_2e1,"Ну дела! Может быть, и есть такая вещь, как слишком много двойников."
ru.kdd1.txt,sp4_1s2e,"Почему, когда уронишь все люки, комната всегда выглядит лучше?"
ru.kdd1.txt,spM_1s,Вы проиграли...
ru.kdd1.txt,achName0,Я Глаз На Тебя Положил
ru.kdd1.txt,achName1,Матереубийство
ru.kdd1.txt,achName2,Проснулся С Бодуна И Всех Ненавижу
ru.kdd1.txt,achName3,Настоящий Зачиститель
ru.kdd1.txt,achName4,Твёрдая Рука
ru.kdd1.txt,achName5,Догнать Матку
ru.kdd1.txt,achName6,Билет В Одну Сторону
ru.kdd1.txt,achName7,Будь Скорее!
ru.kdd1.txt,achName8,Будь Быстрее!
ru.kdd1.txt,achName9,Спокойная Рука
ru.kdd1.txt,achName10,Доберись до Свитка
ru.kdd1.txt,achName11,Видимость
ru.kdd1.txt,achName12,Антиневидимка
ru.kdd1.txt,achName13,Ускорение
ru.kdd1.txt,achName14,Восемь Ворот Билла
ru.kdd1.txt,achName15,Манипулятор Тараканов
ru.kdd1.txt,achName16,Тайна
ru.kdd1.txt,achName17,Не Оборачивайся
ru.kdd1.txt,achName18,Один Против Тараканов
ru.kdd1.txt,achName19,Хождение По Люкам
ru.kdd1.txt,achName20,Пустота В Пустоте
ru.kdd1.txt,achName21,Стильно!
ru.kdd1.txt,achName22,Начинающий Исследователь
ru.kdd1.txt,achName23,Неопытный Охотник
ru.kdd1.txt,achName24,Зачиститель По Контракту
ru.kdd1.txt,achName25,Я Профессионал!
ru.kdd1.txt,achName26,Завоеватель
ru.kdd1.txt,achName27,Мастер
ru.kdd1.txt,achName28,Таракан Гриль
ru.kdd1.txt,achName29,Нарезанные Матки
ru.kdd1.txt,achName30,Взбитые Яйца
ru.kdd1.txt,achName31,Пирог Из Дурных Глаз
ru.kdd1.txt,achName32,Тенекрыл Под Соусом
ru.kdd1.txt,achName33,Камертон
ru.kdd1.txt,achName34,Бей Зелёных
ru.kdd1.txt,achName35,Покори Орду
ru.kdd1.txt,achName36,Неупокоенный
ru.kdd1.txt,achName37,Властелин Времени
ru.kdd1.txt,achName38,Прогулки Над Бездной
ru.kdd1.txt,achName39,Шагаю По Москве
ru.kdd1.txt,achDesc0,Разбуди три дурных глаза одновременно
ru.kdd1.txt,achDesc1,"Убей тараканью матку, пока её яйца растут"
ru.kdd1.txt,achDesc2,"Да, надо быть деструктивным"
ru.kdd1.txt,achDesc3,Не прячься в укрытии в комнате 6С 2З на Первом Уровне
ru.kdd1.txt,achDesc4,"Очисти все, кроме одной, зараженные несекретные комнаты на Первом Уровне, не поворачивая меч. Сделано %% из 6-и"
ru.kdd1.txt,achDesc5,"Убей тараканью матку на Втором Уровне 2В, прежде чем она достигнет угла"
ru.kdd1.txt,achDesc6,"Не поворачивай меч на Втором Уровне 1Ю после того, как ударишь сферу"
ru.kdd1.txt,achDesc7,"Убей всех тараканьих маток, прежде чем они отложат яйца, на Втором Уровне 2Ю 2В"
ru.kdd1.txt,achDesc8,"Очисти Второй Уровень 2Ю 3В, прежде чем хоть одно яйцо будет отложено"
ru.kdd1.txt,achDesc9,Очисти Второй Уровень 3С не поворачивая меч
ru.kdd1.txt,achDesc10,"Доберись до свитка на Третьем Уровне 2С, не заходя в комнату снова"
ru.kdd1.txt,achDesc11,"Убей всех тараканов, не выпив эликсир на Третьем Уровне 1С 1З"
ru.kdd1.txt,achDesc12,"Очисти Третий Уровень 1С 2З, не выпив эликсир"
ru.kdd1.txt,achDesc13,"Очисти Третий Уровень 1С 1В без того, чтобы матки отложили яйца"
ru.kdd1.txt,achDesc14,Реши Восемь Ворот Билла (Третий Уровень 1Ю) за 5 ударов в сферы
ru.kdd1.txt,achDesc15,"Освободи всех трёх тараканов, прежде чем убить кого либо из них, на Третьем Уровне 2С 1В"
ru.kdd1.txt,achDesc16,"Очисти Третий Уровень 3С, не выпивая эликсир"
ru.kdd1.txt,achDesc17,"Очисти Четвёртый Уровень 1С, не возвращаясь в коридор у входа"
ru.kdd1.txt,achDesc18,"Очисти Четвёртый Уровень 1Ю 1В, не выпивая эликсир двойника"
ru.kdd1.txt,achDesc19,Урони все люки на Четвёртом Уровне 1Ю 2В и очисти комнату за тот же визит
ru.kdd1.txt,achDesc20,Очисти комнату на Четвёртом Уровне 2Ю 1В и урони все люки за тот же визит
ru.kdd1.txt,achDesc21,Покажи хороший стиль на Четвёртом Уровне 2В
ru.kdd1.txt,achDesc22,Очисти первый Уровень
ru.kdd1.txt,achDesc23,Очисти второй Уровень
ru.kdd1.txt,achDesc24,Очисти третий Уровень
ru.kdd1.txt,achDesc25,Очисти четвёртый Уровень
ru.kdd1.txt,achDesc26,Завоюй крепость
ru.kdd1.txt,achDesc27,Пройди зону мастеров
ru.kdd1.txt,achDesc28,Убей 35 тараканов
ru.kdd1.txt,achDesc29,Убей 20 тараканьих маток
ru.kdd1.txt,achDesc30,Разбей 15 тараканьих яиц
ru.kdd1.txt,achDesc31,Убей 15 дурных глаз
ru.kdd1.txt,achDesc32,Убей 5 тенекрылов
ru.kdd1.txt,achDesc33,Бей сферу три хода подряд
ru.kdd1.txt,achDesc34,Открой зелёные ворота 5 раз
ru.kdd1.txt,achDesc35,Убей в сумме 2500 монстров
ru.kdd1.txt,achDesc36,Умри в сумме 50 раз
ru.kdd1.txt,achDesc37,Отмени ход в сумме 250 раз
ru.kdd1.txt,achDesc38,Урони в сумме 100 люков
ru.kdd1.txt,achDesc39,Пройди в сумме 5000 ходов
ru.kdd1.txt,outro,"Что будет с Битро дальше? Какие новые опасности его подстерегают? Сможет ли он полностью очистить Подземелье Короля Дугана и наконец получить оплату?


<font size=""32"" color=""#FFFF00"">Поздравляем!</font>

Вы завершили первый эпизод Смертельных Комнат Смерти, Подземелья Короля Дугана (Флэш-версия). Мы очень надеемся, что вам понравилось.
Теперь, когда вы спустились по последним ступеням в этом эпизоде, вы можете попробовать Завоевать игру, а потом пройти Зону Мастеров! Для этого вы должны найти все секретные комнаты. Количество секретных комнат, оставшихся на каждом уровне, теперь будет показано в меню Загрузки Игры.
Когда вы пройдёте все секретные комнаты, специальная Зона Мастеров откроется для вас. Сможете ли вы найти вход в неё?
Вы можете также продолжить играть в следующий эпизод серии DROD:KDDL.

Но перед тем, как мы оставим вас купаться в лучах вашей славы, мы хотим поблагодарить несколько людей, которые сделали возможной эту игру:
	
	<font size=""26"" color=""#FFFF00"">Erik Hermansen</font> - Создатель, отец и изобретатель игры DROD. Без него сама идея игры никогда не увидела бы свет.

<font size=""26"" color=""#FFFF00"">Mike Rimer</font> - Он программировал DROD: JtRH and DROD: TCB практически собственноручно. Благодаря его отличной кодовой базе делать Flash DROD было сплошное удовольствие.

<font size=""26"" color=""#FFFF00"">Matt Schikore</font> - Повелитель форума Caravel и главный программист CaravelNet. С его помощью стала возможной таблица рекордов игроков, а также много других функций!


<font size=""23"" color=""#FFFF00"">Программирование, Разработка</font> - %%

<font size=""23"" color=""#FFFF00"">Графика и Музыка</font> - %%

<font size=""23"" color=""#FFFF00"">Серверные разработки</font> - %%

<font size=""23"" color=""#FFFF00"">Архитекторы Крепости</font> - %%

<font size=""23"" color=""#FFFF00"">Главные Тестеры</font> - %%

<font size=""23"" color=""#FFFF00"">Тестеры</font> - %%

<font size=""23"" color=""#FFFF00"">Переводы</font> - %%

<font size=""23"" color=""#FFFF00"">Голосовое Озвучивание</font> - %%

<font size=""23"" color=""#FFFF00"">Оригинальный Код, Идея и Уровни</font> - %%


Увидимся в следующий раз!

<font size=""18"" color=""#AAAAAA"">-Maurycy</font>"
ru.kdd1.txt,complNextGame,"Играйте в следующие уровни игры, KDD Lite 2. Игра откроется в новом окне. Это окно можно закрыть. Ваш прогресс был сохранён."
ru.kdd1.txt,scNew1,"Смотрите внимательно, что происходит в ход разрастания."
ru.kdd1.txt,scNew2,"Яйца не могут появлятся на люках, стрелках, и открытых жёлтых воротах."
ru.kdd1.txt,scNew3,"Ещё, если матка подвинулась в ход разрастания, на клетке, с которой она сошла, яйцо не появится."
ru.kdd1.txt,sc1_New1N1W,"Если вы не знали, Матки убегают от вас и не откладывают яйца на открытых жёлтых воротах."
ru.kdd1.txt,sc1_New3N1,"Тараканьи матки откладывают яйца каждые 30 ходов (через ход после того, как часы разрастания станут красными)."
ru.kdd1.txt,sc1_New3N2,"Яйца вырастут во взрослых тараканов через 5 ходов после того, как их отложили."
ru.kdd1.txt,sc1_New3E,"Тараканьи матки убегают от Битро. Это поведение можно использовать, чтобы ими манипулировать."
ru.kdd1.txt,sc1_new6n2w1,Разрушающиеся и секретные стены можно разбивать мечом.
ru.kdd1.txt,sc1_new6n2w2,"Секретные стены, однако, гораздо лучше сливаются с обычными."
ru.kdd1.txt,sc1_new6n2w3,"Не пропустите тех, что в углу, когда вы вернётесь назад."
ru.kdd1.txt,sc1_5n1w3,Поведение элементов в игре строго подчиняется определённым правилам - нет никакого случайного или непредсказуемого поведения.
ru.kdd1.txt,sc1_new6N,"Секреты не обязательно решить все за один проход игры, чтобы завоевать Крепость. Можно вернуться потом."
ru.kdd1.txt,sc_evileyes,"На этом уровне вы встретите дурные глаза. Как только вы пересечёте их поле зрения, они проснутся и погонятся за вами, как тараканы."
ru.kdd2.txt,Fifth Level,Пятый Уровень
ru.kdd2.txt,Sixth Level,Шестой Уровень
ru.kdd2.txt,Seventh Level,Седьмой Уровень
ru.kdd2.txt,Eighth Level,Восьмой Уровень
ru.kdd2.txt,Mastery Level,Зона Мастера
ru.kdd2.txt,Tutorial,Учебный Уровень
ru.kdd2.txt,entr5,"Битро Бадкин, профессиональный зачиститель подземелий пятого поколения, был нанят Королём Дуганом, чтобы очистить многоэтажные королевские темницы от огромного скопища монстров.
Битро заплатят за каждую комнату, и как профессионал, по контракту он обязуется очистить все комнаты в подземелье, перед тем как получить оплату.
Единственное оружие, нужное Битро для работы - это его Очень Большой Меч, разящий почти любого монстра с одного удара.

-----

Предыдущий уровень заставил Битро вспотеть. ""Вижу, что задание окажется тяжелее, чем я думал раньше."" К его счастью, со следующего уровня дул приятный прохладный ветерок."
ru.kdd2.txt,entr6,"Возможно, архитектор слегка перестарался, пытаясь вдолбить свою точку зрения, в чём бы она ни заключалась. В любом случае, можно только порадоваться, что больше таких уровней в Подземельях Дугана нет."
ru.kdd2.txt,entr6Back,"Битро вернулся закончить работу по зачистке, на которую он был нанят."
ru.kdd2.txt,entr7,"Спускаясь по ступеням, Битро услышал сильное шипение. Как закалённый профессионал, он сразу понял, что это такое, но был удивлён его громкостью. ""Ну и ну! Сколько же этих злобных тварей там скрывается?"""
ru.kdd2.txt,entr8,"Некоторые монстры хитры и смертельно опасны, а за другими просто очень муторно убирать."
ru.kdd2.txt,entrMaster,"Битро спустился по ступеням и оказался в не отмеченном на карте коридоре...

За зачистку этого места он не получит платы, но профессиональная гордость не позволяет ему оставить уровень неочищенным."
ru.kdd2.txt,entrTut,Учебный Уровень
ru.kdd2.txt,entrTutLeave,"Битро покинул учебный этаж, обогащённый новыми знаниями."
ru.kdd2.txt,entrPremaster,"Битро, спотыкаясь, брёл вверх и вниз по очень плохо освещённым лестницам. ""Это опасно для жизни, а здесь даже нет тараканов! Хоть бы перила поставили что-л..."" подумал Битро перед тем, как он упал на двенадцать пролётов вниз и на час потерял сознание от удара. Проснувшись после ужасных, кошмарных снов про пироги из глаз, Битро осмотрел комнату в которой очутился нетвёрдым взглядом. ""Чёрт! Неужели трудно было пометить эти места на карте?"""
ru.kdd2.txt,sc51n2w,"Надеюсь, вы оставили себе путь назад."
ru.kdd2.txt,sc63e,Секретный Проход
ru.kdd2.txt,sc61s1w,"Это Стена Мастера
Она откроется, когда вы закончите последний уровень, а также решите все секретные комнаты."
ru.kdd2.txt,sc72n1w,"Слабоумные, возвращайтесь назад! Эту комнату может пройти только гигант мысли.
(Комната не является обязательной.)"
ru.kdd2.txt,sc71n1,"Я не думал, что вы действительно сможете это решить."
ru.kdd2.txt,sc71n2,"Ладно, должен признать: это не совсем похоже на световые мотоциклы.

-Эрик"
ru.kdd2.txt,sc71n3,"Комната сделана в честь игры Tron.

-Эрик"
ru.kdd2.txt,sc81s1,"Живую смолу можно повредить только на прямых краях, а не на углах."
ru.kdd2.txt,sc81s2,"Кусок смолы меньше, чем две клетки в длину и ширину, нестабилен и распадается на смолёнышей."
ru.kdd2.txt,sc81s3,Не стесняйтесь поэкспериментировать.
ru.kdd2.txt,sc81s1e,Умый человек очистит северную комнату перед тем как идти по этому коридору.
ru.kdd2.txt,sc83s,"Очистите южный и западный проходы, прежде чем продолжить, чтобы потом не возвращаться."
ru.kdd2.txt,scMe1,Более сложные версии старых головоломок.
ru.kdd2.txt,scMe2,Последние слова!
ru.kdd2.txt,scMe3,Новые головоломки.
ru.kdd2.txt,scM1s1,"Однако! Кроме, может, парочки Достижений, вы закончили в игре всё что можно."
ru.kdd2.txt,scM1s2,"Примите наши сердечные поздравления, вы совершили насоящий подвиг!"
ru.kdd2.txt,scM1s3,"На сайте CaravelGames.com вы можете найти следующие эпизоды KDDL или скачать одну из полных игр DROD для Windows, MacOS, или Linux."
ru.kdd2.txt,scM1s4,Продолжайте дальше!
ru.kdd2.txt,scM1s5,"Вот небольшая награда! Попробуйте убить все глаза, не наступая на коричневую траву."
ru.kdd2.txt,scM1s6,"Две нижние Тараканьи Матки умрут сами, как только вы наступите на точку сохранения в дальнем правом углу."
ru.kdd2.txt,scM1s7,Искренние поздравления!
ru.kdd2.txt,scT1,"Пройдите далеко направо и посмотрите, как таракан себя ведёт, когда он заблокирован по диагонали."
ru.kdd2.txt,scT2,"Змии ходят по своим, более сложным правилам. Их предпочтение горизонтали или вертикали показано под часами разрастания."
ru.kdd2.txt,scT3,"Монстры в DROD выберут пойти по вертикали, а не горизонтали, когда они заблокированы по диагонали."
ru.kdd2.txt,scT4,"`Escape` открывает меню паузы, где вы можете выбрать `Общую Помощь`, чтобы просмотреть все кнопки управления в любой момент."
ru.kdd2.txt,scT5,"Вы можете предотвратить случайный выход из комнаты, ""заперев"" её кнопкой `Ч` (`X`). Маленький замок на мини-карте показывает, что комната заперта."
ru.kdd2.txt,scT6,"Shift+Клавиша сделает ход, а потом - его противо-ход.
Shift+Ждать Подождёт до следующего периода разрастания.
Цифровая '+' или '=' сделает ход, противоположный последнему."
ru.kdd2.txt,scT7,"F3 покажет счётчик ходов, чтобы помочь улучшить свой результат для этой комнаты."
ru.kdd2.txt,scT8,Все кнопки могут быть перенастроены в Настройках игры.
ru.kdd2.txt,scT9,"Результаты пользователей, не имеющих подписку CaravelNet, не будут сохранены в таблице рекордов, но им покажут, какое место они бы заняли."
ru.kdd2.txt,scT10,"Кликните мышкой, чтобы узнать, что делают сферы и чтобы показать поле зрения глаз."
ru.kdd2.txt,scT11,"Кнопка Spacebar очистит голоса, текст и достижения с экрана."
ru.kdd2.txt,scT13,"Тенекрылы, в отличие от тараканов, убегают от Битро и стараются дежатся за пять клеток от него."
ru.kdd2.txt,scT14,"В больших количествах они, однако, менее пугливые и могут запросто напасть, если окружат."
ru.kdd2.txt,sc1_6n3w1,"Используйте тактику удара назад, чтобы избавиться от таракана."
ru.kdd2.txt,sc1_6n3w2,"Переместитесь на зелёный пол так, чтобы таракан оказался на песчаной клетке строго к северу от вас..."
ru.kdd2.txt,sc1_6n3w3,"Переместитесь на зелёный пол так, чтобы таракан оказался на песчаной клетке строго к югу от вас..."
ru.kdd2.txt,sc1_6n3w4,"...а потом пойдите на северо-восток, чтобы убить его."
ru.kdd2.txt,sc1_6n3w5,"...а потом пойдите на юго-восток, чтобы убить его."
ru.kdd2.txt,sc1_6n3w6,"Повторите снова, чтобы освоить удар назад. Эта тактика вам сильно пригодится в будущих битвах."
ru.kdd2.txt,sp5e1,Это зона обучения.
ru.kdd2.txt,sp5e2,"Посетите её, если вы ни разу не играли в игру раньше."
ru.kdd2.txt,sp5e3,Используйте цифровую клавиатуру или 789 гшщ олд (789uiojkl) для передвижения.
ru.kdd2.txt,sp52n1,"Уверен, эту комнату можно зачистить и не открывая никаких дверей."
ru.kdd2.txt,sp52n2,Ха! Небрежный архитектор темницы зачем-то построил кучу ненужных сфер!
ru.kdd2.txt,sp51n2w1,Вы только посмотрите на все эти дурные глаза!
ru.kdd2.txt,sp51n2w2,"Брр!  Всегда дрожь пробирает, когда одна из этих тварей просыпается!"
ru.kdd2.txt,sp63e,"Начинаю понимать, в чём здесь система..."
ru.kdd2.txt,sp63n,Это выглядит знакомым...
ru.kdd2.txt,sp63w,"Надеюсь, Дуган заплатит мне за каждую из этих комнат."
ru.kdd2.txt,sp72n1w1,"Ого!  Этот змий, должно быть, в тысячу четыреста сорок пять футов длиной!"
ru.kdd2.txt,sp72n1w2,"Но по контракту я не обязан боротся с монстрами длиннее, чем тысяча четыреста сорок четыре фута."
ru.kdd2.txt,sp72n1w3,Могу просто оставить эту комнату в покое.
ru.kdd2.txt,sp71n1e1,Мой меч не оставит ни царапины на шкуре этой гадины.
ru.kdd2.txt,sp71n1e2,"Надо заманить змия в тупик, там ему и конец."
ru.kdd2.txt,sp84s1,"И королевы смолы тоже?  Почему, почему, почему...?"
ru.kdd2.txt,sp83s1e,Ненавижу королев смолы.
ru.kdd2.txt,sp82s2e,"Здесь надо быть осторожным... Я не смогу пройти, если смола закроет этот проход!"
ru.kdd2.txt,sp84s3e1,Неважно. Идём!
ru.kdd2.txt,sp84s3e2,И стена здесь...
ru.kdd2.txt,sp84s3e3,Отлично. Такими темпами мы закончим наносить уровень на карту за несколько минут.
ru.kdd2.txt,sp84s3e4,Что это за звук? Ревизоры смолы идут! Прячемся быстрей!
ru.kdd2.txt,sp84s3e5,Аааа! Я чуть не уронил карту!
ru.kdd2.txt,sp84s3e6,Подожди! Какой стороной наверх она вообще была?
ru.kdd2.txt,sp85s2e1,Эта комната... выглядит... какой-то... знакомой...
ru.kdd2.txt,sp85s2e2,Она... меня... бесит... и разочаровывает!
ru.kdd2.txt,sp86s3e,"Чепуха какая то... надеюсь, здесь нет никаких дешёвых трюков вроде комнат, спрятанных за секретными стенами!"
ru.kdd2.txt,sp88s3e1,Чёрт... от этой комнаты у меня потом будут кошмары...
ru.kdd2.txt,sp88s3e2,Никогда больше... больше никогда...
ru.kdd2.txt,spM1s,Вы проиграли...
ru.kdd2.txt,spT2,Поворачивайте меч кнопками `Й` и `Ц` (`Q` и `W`).
ru.kdd2.txt,spT3,Теперь ударьте сферу мечом.
ru.kdd2.txt,spT4,"Сферы управляют дверьми тремя способами: могут открыть, могут закрыть, могут поменять между закрытым и открытым состоянием."
ru.kdd2.txt,spT5,"Кликните сферу мышкой, чтобы узнать на какие двери она влияет и каким способом."
ru.kdd2.txt,spT6,Ваша задача в DROD - очистить каждый уровень от всех монстров.
ru.kdd2.txt,spT7,"Ткните таракана мечом, чтобы убить его."
ru.kdd2.txt,spT8,Стрелки блокируют любое продвижение против их направления.
ru.kdd2.txt,spT9,"Встаньте на точку сохранения. Вы вернётесь на последнюю точку, если вы умрёте или нажмёте `К` (`R`)."
ru.kdd2.txt,spT10,"Если вы умрёте или находитесь в ситуации, где каждый ход грозит смертью, вы можете отменить до трёх ходов кнопкой `Backspace`."
ru.kdd2.txt,spT11,"Этот эликсир позволит вам поставить двойника где угодно. Двойники копируют все ваши ходы и ходят после вас, но до монстров."
ru.kdd2.txt,spT12,"Поставьте двойника в месте, отмеченном точкой сохранения. Используйте его, чтобы уронить все люки, и красные ворота откроются."
ru.kdd2.txt,spT13,"Поздравляем, вы закончили эту комнату!"
ru.kdd2.txt,spT14,"После того, как вы выйдете из комнаты, ваше достижение сохранится. Вы всегда сможете посмотреть ваш лучший результат за эту комнату, а также ваше место относительно других людей в таблице лидеров за эту комнату."
ru.kdd2.txt,spT15,"Если вы подсоединены к игре, используя ваш аккаунт в форуме Caravel, ваш лучший результат будет послан в таблицу лидеров."
ru.kdd2.txt,spT16,"Ваш результат останется на сервере две недели, если только вы не подписчик CaravelNet: в таком случае он останется там навсегда."
ru.kdd2.txt,spT17,Теперь вы можете выйти из комнаты обучения.
ru.kdd2.txt,achName0,Где Мастер?
ru.kdd2.txt,achName1,Востоковедение
ru.kdd2.txt,achName2,Чистота
ru.kdd2.txt,achName3,Избегая Сфер
ru.kdd2.txt,achName4,Недрогнувшей Рукой
ru.kdd2.txt,achName5,Чистое Зрение
ru.kdd2.txt,achName6,Шёпот Крыл
ru.kdd2.txt,achName7,Двойники На Привязи
ru.kdd2.txt,achName8,Ненавижу Жёлтый
ru.kdd2.txt,achName9,Недиагональный
ru.kdd2.txt,achName10,Неподвижные Руки 
ru.kdd2.txt,achName11,Сссскольжение
ru.kdd2.txt,achName12,Каменные Руки
ru.kdd2.txt,achName13,Гигант Мысли
ru.kdd2.txt,achName14,Предатель
ru.kdd2.txt,achName15,Специалист Смолы
ru.kdd2.txt,achName16,Тычок В Глаз
ru.kdd2.txt,achName17,Ниндзя
ru.kdd2.txt,achName18,Начинающий Исследователь
ru.kdd2.txt,achName19,Неопытный Охотник
ru.kdd2.txt,achName20,Зачиститель По Контракту
ru.kdd2.txt,achName21,Я Профессионал!
ru.kdd2.txt,achName22,Завоеватель
ru.kdd2.txt,achName23,Мастер
ru.kdd2.txt,achName24,Тушёные Матки
ru.kdd2.txt,achName25,Яйца Всмятку
ru.kdd2.txt,achName26,Желе Из Глаз
ru.kdd2.txt,achName27,Жареные Тенекрылы
ru.kdd2.txt,achName28,Суши Из Змия
ru.kdd2.txt,achName29,Камертон
ru.kdd2.txt,achName30,Зелёная Трава
ru.kdd2.txt,achName31,Сокруши Толпу
ru.kdd2.txt,achName32,Бессмертный
ru.kdd2.txt,achName33,Временная Аномалия
ru.kdd2.txt,achName34,Чистый Пол
ru.kdd2.txt,achName35,Марафонский Бегун
ru.kdd2.txt,achDesc0,Найди стену мастера
ru.kdd2.txt,achDesc1,"Очисти Пятый Уровень 1З, смотря строго на восток"
ru.kdd2.txt,achDesc2,Урони все люки и очисти Пятый Уровень 1С 2З за один визит
ru.kdd2.txt,achDesc3,"Очисти Пятый Уровень 2С, не ударив ни одну сферу"
ru.kdd2.txt,achDesc4,Очисти Пятый Уровень 1Ю не поворачиваясь
ru.kdd2.txt,achDesc5,"Закончи Пятый Уровень 2Ю, не выпив эликсир невидимости"
ru.kdd2.txt,achDesc6,Не ударяй сферу во время зачистки Пятого Уровня 3В
ru.kdd2.txt,achDesc7,"Очисти Пятый Уровень 1Ю 1З, не выходя из отмеченной зоны"
ru.kdd2.txt,achDesc8,"Очисти Пятый Уровень 2Ю 2В, не наступая на открытые жёлтые двери."
ru.kdd2.txt,achDesc9,Не двигайся по диагонали в комнате Седьмой Уровень 1Ю
ru.kdd2.txt,achDesc10,"Не поворачивайся, очищая комнату Седьмой Уровень 1В"
ru.kdd2.txt,achDesc11,"Убей змия прежде, чем любого таракана, в Седьмом Уровне 1С 2В"
ru.kdd2.txt,achDesc12,Не поворачивай меч в Седьмом Уровне 3С 1В
ru.kdd2.txt,achDesc13,"Пройдите комнату ""Гигант Мысли"" (Седьмой Уровень 2С 1З)"
ru.kdd2.txt,achDesc14,"Очисти Восьмой Уровень 4Ю 3В, не используя эликсир двойника"
ru.kdd2.txt,achDesc15,Зачисти всю смолу в любой комнате на Восьмом Уровне
ru.kdd2.txt,achDesc16,"Убей Королеву Смолы, прежде чем она разрастётся"
ru.kdd2.txt,achDesc17,"Зачисти комнату, полную Дурных Глаз, не разбудив ни одного"
ru.kdd2.txt,achDesc18,Очисти пятый Уровень
ru.kdd2.txt,achDesc19,Очисти шестой Уровень
ru.kdd2.txt,achDesc20,Очисти седьмой Уровень
ru.kdd2.txt,achDesc21,Очисти восьмой Уровень
ru.kdd2.txt,achDesc22,Завоюй крепость
ru.kdd2.txt,achDesc23,Пройди зону мастеров
ru.kdd2.txt,achDesc24,Убей 20 тараканьих маток
ru.kdd2.txt,achDesc25,Разбей 15 тараканьих яиц
ru.kdd2.txt,achDesc26,Убей 15 дурных глаз
ru.kdd2.txt,achDesc27,Убей 5 тенекрылов
ru.kdd2.txt,achDesc28,Убей 10 змиев
ru.kdd2.txt,achDesc29,Бей сферу три хода подряд
ru.kdd2.txt,achDesc30,Открой зелёные ворота 5 раз
ru.kdd2.txt,achDesc31,Убей в сумме 2500 монстров
ru.kdd2.txt,achDesc32,Умри в сумме 70 раз
ru.kdd2.txt,achDesc33,Отмени ход в сумме 350 раз
ru.kdd2.txt,achDesc34,Урони в сумме 200 люков
ru.kdd2.txt,achDesc35,Пройди в сумме 7000 ходов
ru.kdd2.txt,outro,"Смола была не тем, чего Битро ожидал или мечтал встретить. Но спускаясь по ступеням на девятый уровень, он знал одну вещь: смолой снизу не пахнет совсем. Но что, если там обитает кто-нибудь ещё похуже?


<font size=""32"" color=""#FFFF00"">Поздравляем!</font>

Вы завершили второй эпизод Смертельных Комнат Смерти, Подземелья Короля Дугана (Флэш-версия). Мы очень надеемся, что вам понравилось.
Теперь, когда вы спустились по последним ступеням в этом эпизоде, вы можете попробовать Завоевать игру, а потом пройти Зону Мастеров! Для этого вы должны найти все секретные комнаты. Количество секретных комнат, оставшихся на каждом уровне, теперь будет показано в меню Загрузки Игры.
Когда вы пройдёте все секретные комнаты, специальная Зона Мастеров откроется для вас. Сможете ли вы найти вход в неё?
Вы можете также продолжить играть в следующий эпизод серии DROD:KDDL.

Но перед тем, как мы оставим вас купаться в лучах вашей славы, мы хотим поблагодарить несколько людей, которые сделали возможной эту игру:
	
	<font size=""26"" color=""#FFFF00"">Erik Hermansen</font> - Создатель, отец и изобретатель игры DROD. Без него сама идея игры никогда не увидела бы свет.

<font size=""26"" color=""#FFFF00"">Mike Rimer</font> - Он программировал DROD: JtRH and DROD: TCB практически собственноручно. Благодаря его отличной кодовой базе делать Flash DROD было сплошное удовольствие.

<font size=""26"" color=""#FFFF00"">Matt Schikore</font> - Повелитель форума Caravel и главный программист CaravelNet. С его помощью стала возможной таблица рекордов игроков, а также много других функций!


<font size=""23"" color=""#FFFF00"">Программирование, Разработка</font> - %%

<font size=""23"" color=""#FFFF00"">Графика и Музыка</font> - %%

<font size=""23"" color=""#FFFF00"">Серверные разработки</font> - %%

<font size=""23"" color=""#FFFF00"">Архитекторы Крепости</font> - %%

<font size=""23"" color=""#FFFF00"">Главные Тестеры</font> - %%

<font size=""23"" color=""#FFFF00"">Тестеры</font> - %%

<font size=""23"" color=""#FFFF00"">Переводы</font> - %%

<font size=""23"" color=""#FFFF00"">Голосовое Озвучивание</font> - %%

<font size=""23"" color=""#FFFF00"">Оригинальный Код, Идея и Уровни</font> - %%


Увидимся в следующий раз!

<font size=""18"" color=""#AAAAAA"">-Maurycy</font>"
ru.kdd2.txt,complNextGame,"Играйте в следующие уровни игры, KDD Lite 3. Игра откроется в новом окне. Это окно можно закрыть. Ваш прогресс был сохранён."
ru.kdd2.txt,sp_new71e1,Эти глаза можно перебить без единого поворота. Я уверен!
ru.kdd2.txt,sp_new71e2,Ха! Вот это эффективность! Я всем в Гильдии Зачистителей расскажу об этом подвиге!
ru.kdd3.txt,Ninth Level,Девятый Уровень
ru.kdd3.txt,Tenth Level,Десятый Уровень
ru.kdd3.txt,Eleventh Level,Одиннадцатый Уровень
ru.kdd3.txt,Twelfth Level,Двенадцатый Уровень
ru.kdd3.txt,Mastery Level,Зона Мастера
ru.kdd3.txt,Tutorial,Учебный Уровень
ru.kdd3.txt,entr9,"Битро Бадкин, профессиональный зачиститель подземелий пятого поколения, был нанят Королём Дуганом, чтобы очистить многоэтажные королевские темницы от огромного скопища монстров.
Битро заплатят за каждую комнату, и как профессионал, по контракту он обязуется очистить все комнаты в подземелье, перед тем как получить оплату.
Единственное оружие, нужное Битро для работы - это его Очень Большой Меч, разящий почти любого монстра с одного удара.

-----

Битро сел на ступени и решил передохнуть. Он достал из рюкзака три бутылки. Десятипинтовая бутылка была полна освежающего лиственного сока, а остальные две, размером в две пинты и пять пинт, были пусты. Битро хотел выпить ровно четыре пинты за один присест. Он начал возиться с бутылками, переливая сок из одной в другую, но через некоторое время ему надоело. ""К чёрту всё это! Слишком много работы!"""
ru.kdd3.txt,entr10,"Опытные зачистители знают, что внизу водятся твари, умеющие сливаться с окружаещей средой."
ru.kdd3.txt,entr11,"Увидев мельком следующую комнату, Битро недовольно заворчал. ""Не знаю, почему смола всегда так раскидана, но я это ненавижу."""
ru.kdd3.txt,entr12,"Битро снова услышал громкое шипение и уже ожидал змиев. Но на этот раз шипение чем-то отличалось, и он остановился послушать и понять, что его ждёт. ""Ничего себе! Эти гады, наверное, провели здесь кучу времени и всё это время регулярно питались."""
ru.kdd3.txt,entr12Back,"Битро вернулся закончить работу по зачистке, на которую он был нанят."
ru.kdd3.txt,entrMaster,"Битро спустился по ступеням и оказался в не отмеченном на карте коридоре...

За зачистку этого места он не получит платы, но профессиональная гордость не позволяет ему оставить уровень неочищенным."
ru.kdd3.txt,entrTutorial,Учебный Уровень
ru.kdd3.txt,entrTutorialLeft,"Битро покинул учебный этаж, обогащённый новыми знаниями."
ru.kdd3.txt,sc93n3e,"Вы уверены, что вы делаете всё в правильном порядке?"
ru.kdd3.txt,sc94n3e,Самое важное - это порядок действий.
ru.kdd3.txt,sc10e,"На этом уровне водятся злобные невидимые пауки. Их трудно заметить, будьте осторожны!"
ru.kdd3.txt,sc111s2e,"Эй... этот проход ведёт к ступеням. Лучше очистить все комнаты перед тем, как туда идти!"
ru.kdd3.txt,sc121n1e1,"Если змий ползёт на запад и предпочитает горизонтальное направление, встаньте на восток от его головы, чтобы заставить его повернуть на север."
ru.kdd3.txt,sc121n1e2,"С вертикальным движением это работает так же, но тогда змий предпочтёт восточное направление западному."
ru.kdd3.txt,sc12e,"Часы слева показывают, какое движение змии сейчас предпочитают. Это поможет вам управлять этими капризными существами."
ru.kdd3.txt,scMe1,Другие головоломки
ru.kdd3.txt,scMe2,Последние слова
ru.kdd3.txt,scM1s1,Дойти до сюда - невероятный подвиг!
ru.kdd3.txt,scM1s2,Как вам понравилось? Смогли ли вы собрать все Достижения?
ru.kdd3.txt,scM1s3,"На сайте CaravelGames.com вы можете найти следующие эпизоды KDDL или скачать одну из полных игр DROD для Windows, MacOS, или Linux."
ru.kdd3.txt,scM1s4,Продолжайте дальше!
ru.kdd3.txt,scM1s5,"Вот небольшая награда! Попробуйте убить все глаза, не наступая на траву."
ru.kdd3.txt,scM1s6,"Тараканьи Матки умрут сами, как только вы наступите на точку сохранения в дальнем правом углу. "
ru.kdd3.txt,scM1s7,Отлично! Поздравляем вас!
ru.kdd3.txt,scT1,"Знаете ли вы, что змии не могут ползти по свиткам?"
ru.kdd3.txt,scT2,"Пройдите далеко направо и посмотрите, как таракан себя ведёт, когда он заблокирован по диагонали."
ru.kdd3.txt,scT3,"Змии ходят по своим, более сложным правилам. Их предпочтение горизонтали или вертикали показано под часами разрастания."
ru.kdd3.txt,scT4,"Монстры в DROD выберут пойти по вертикали, а не горизонтали, когда они заблокированы по диагонали."
ru.kdd3.txt,scT5,"`Escape` открывает меню паузы, где вы можете выбрать `Общую Помощь`, чтобы просмотреть все кнопки управления в любой момент."
ru.kdd3.txt,scT6,"Вы можете предотвратить случайный выход из комнаты, ""заперев"" её кнопкой `Ч` (`X`). Маленький замок на мини-карте показывает, что комната заперта."
ru.kdd3.txt,scT7,"Shift+Клавиша сделает ход, а потом - его противо-ход.
Shift+Ждать Подождёт до следующего периода разрастания.
Цифровая '+' или '=' сделает ход, противоположный последнему."
ru.kdd3.txt,scT8,"F3 покажет счётчик ходов, чтобы помочь улучшить свой результат для этой комнаты."
ru.kdd3.txt,scT9,Все кнопки могут быть перенастроены в Настройках игры.
ru.kdd3.txt,scT10,"Результаты пользователей, не имеющих подписку CaravelNet, не будут сохранены в таблице рекордов, но им покажут, какое место они бы заняли."
ru.kdd3.txt,scT11,"Кликните мышкой, чтобы узнать, что делают сферы и чтобы показать поле зрения глаз."
ru.kdd3.txt,scT12,"Кнопка Spacebar очистит голоса, текст и достижения с экрана."
ru.kdd3.txt,scT13,"Тенекрылы, в отличие от тараканов, убегают от Битро и стараются дежатся за пять клеток от него."
ru.kdd3.txt,scT14,"В больших количествах они, однако, менее пугливые и могут запросто напасть, если окружат."
ru.kdd3.txt,sc1_6n3w1,"Используйте тактику удара назад, чтобы избавиться от таракана."
ru.kdd3.txt,sc1_6n3w2,"Переместитесь на зелёный пол так, чтобы таракан оказался на песчаной клетке строго к северу от вас..."
ru.kdd3.txt,sc1_6n3w3,"Переместитесь на зелёный пол так, чтобы таракан оказался на песчаной клетке строго к югу от вас..."
ru.kdd3.txt,sc1_6n3w4,"...а потом пойдите на северо-восток, чтобы убить его."
ru.kdd3.txt,sc1_6n3w5,"...а потом пойдите на юго-восток, чтобы убить его."
ru.kdd3.txt,sc1_6n3w6,"Повторите снова, чтобы освоить удар назад. Эта тактика вам сильно пригодится в будущих битвах."
ru.kdd3.txt,sp9e1,Это зона обучения.
ru.kdd3.txt,sp9e2,"Посетите её, если вы ни разу не играли в игру раньше."
ru.kdd3.txt,sp9e3,Используйте цифровую клавиатуру или 789 гшщ олд (789uiojkl) для передвижения.
ru.kdd3.txt,sp9e4,Клянусь жареными тараканами! Больше никакой смолы!
ru.kdd3.txt,sp91n1e,"Это было просто противно! Может, смола и не самое худшее..."
ru.kdd3.txt,sp94n4e1,"Ага! Нужно сильно постараться, чтобы одурачить Битро!"
ru.kdd3.txt,sp94n4e2,Не смешно.
ru.kdd3.txt,sp93n,Гм. Это очень странная дверь. Я не могу пройти.
ru.kdd3.txt,sp92n2e,"Непроходимая дверь. Интересно, что на той стороне."
ru.kdd3.txt,sp11e1,"Ненавижу, когда смола вырастает намного выше меня... прям в дрожь берёт."
ru.kdd3.txt,sp11e2,Эй!  Эта смола выросла выше стен!
ru.kdd3.txt,sp11n1w,Ну... могло быть и хуже... здесь могла быть королева смолы...
ru.kdd3.txt,sp11n2w1,"Кажется, я рано обрадовался."
ru.kdd3.txt,sp11n2w2,"По-моему, в этой комнате есть ещё какие-то отличия..."
ru.kdd3.txt,sp12e1,"Осторожно, Битро, осторожно..."
ru.kdd3.txt,sp12e2,Вот так!
ru.kdd3.txt,sp12e3,Из них выйдут отличные стейки.
ru.kdd3.txt,sp121s2e1,Клянусь всеми гоблинами!
ru.kdd3.txt,sp121s2e2,Посмотрите на размеры этого змия!
ru.kdd3.txt,spM1s,Вы проиграли...
ru.kdd3.txt,spT2,Поворачивайте меч кнопками `Й` и `Ц` (`Q` и `W`).
ru.kdd3.txt,spT3,Теперь ударьте сферу мечом.
ru.kdd3.txt,spT4,"Сферы управляют дверьми тремя способами: могут открыть, могут закрыть, могут поменять между закрытым и открытым состоянием."
ru.kdd3.txt,spT5,"Кликните сферу мышкой, чтобы узнать на какие двери она влияет и каким способом."
ru.kdd3.txt,spT6,Ваша задача в DROD - очистить каждый уровень от всех монстров.
ru.kdd3.txt,spT7,"Ткните таракана мечом, чтобы убить его."
ru.kdd3.txt,spT8,Стрелки блокируют любое продвижение против их направления.
ru.kdd3.txt,spT9,"Встаньте на точку сохранения. Вы вернётесь на последнюю точку, если вы умрёте или нажмёте `К` (`R`)."
ru.kdd3.txt,spT10,"Если вы умрёте или находитесь в ситуации, где каждый ход грозит смертью, вы можете отменить до трёх ходов кнопкой `Backspace`."
ru.kdd3.txt,spT11,"Этот эликсир позволит вам поставить двойника где угодно. Двойники копируют все ваши ходы и ходят после вас, но до монстров."
ru.kdd3.txt,spT12,"Поставьте двойника в месте, отмеченном точкой сохранения. Используйте его, чтобы уронить все люки, и красные ворота откроются."
ru.kdd3.txt,spT13,"Змиям меч нипочём, но если заманить их в тупик, они сокращаются."
ru.kdd3.txt,spT14,"Уберите всю синюю живую смолу, чтобы достичь дурного глаза наверху."
ru.kdd3.txt,spT15,"Учтите, что смолу можно рубить только на прямых участках, а на углах нельзя. Нестабильные куски смолы превращаются в смолёнышей."
ru.kdd3.txt,spT16,"Смола стабильна, когда она кусками как минимум 2х2."
ru.kdd3.txt,spT17,"Поздравляем, вы закончили эту комнату!"
ru.kdd3.txt,spT18,"После того, как вы выйдете из комнаты, ваше достижение сохранится. Вы всегда сможете посмотреть ваш лучший результат за эту комнату, а также ваше место относительно других людей в таблице лидеров за эту комнату."
ru.kdd3.txt,spT19,"Если вы подсоединены к игре, используя ваш аккаунт в форуме Caravel, ваш лучший результат будет послан в таблицу лидеров."
ru.kdd3.txt,spT20,"Ваш результат останется на сервере две недели, если только вы не подписчик CaravelNet: в таком случае он останется там навсегда."
ru.kdd3.txt,spT21,Теперь вы можете выйти из комнаты обучения.
ru.kdd3.txt,achName0,Работает Как Часы
ru.kdd3.txt,achName1,Чешет Как Рабы
ru.kdd3.txt,achName2,Руки Крюки
ru.kdd3.txt,achName3,В Наручниках
ru.kdd3.txt,achName4,Приклеенный Меч
ru.kdd3.txt,achName5,Навеки Одинокий
ru.kdd3.txt,achName6,Ловкач
ru.kdd3.txt,achName7,Техник Смолы
ru.kdd3.txt,achName8,Змеиный Король
ru.kdd3.txt,achName9,Один Среди Шипения
ru.kdd3.txt,achName10,Тихий Охотник
ru.kdd3.txt,achName11,Ниндзя
ru.kdd3.txt,achName12,Матереубийство
ru.kdd3.txt,achName13,Начинающий Исследователь
ru.kdd3.txt,achName14,Неопытный Охотник
ru.kdd3.txt,achName15,Зачиститель По Контракту
ru.kdd3.txt,achName16,Я Профессионал!
ru.kdd3.txt,achName17,Завоеватель
ru.kdd3.txt,achName18,Мастер
ru.kdd3.txt,achName19,Обжаренные Тараканы
ru.kdd3.txt,achName20,Матки по-Королевски
ru.kdd3.txt,achName21,Горящие Яйца
ru.kdd3.txt,achName22,Горчица Из Дурных Глаз
ru.kdd3.txt,achName23,Филе Тенекрыла
ru.kdd3.txt,achName24,Пельмени Со Змием
ru.kdd3.txt,achName25,Камертон
ru.kdd3.txt,achName26,Зелёное Вниз
ru.kdd3.txt,achName27,Совладай С Толпой
ru.kdd3.txt,achName28,Раниматор
ru.kdd3.txt,achName29,Мастер Времени
ru.kdd3.txt,achName30,Хранитель Пустоты
ru.kdd3.txt,achName31,За Тридевять Земель
ru.kdd3.txt,achDesc0,"Зачисти Уровень Девять 4С 3В, наступая на каждый отмеченный участок не больше одного раза"
ru.kdd3.txt,achDesc1,"Зачисти Уровень Девять 3С 3В, наступая на каждый отмеченный участок не больше одного раза"
ru.kdd3.txt,achDesc2,"Зачисти Уровень Десять 1С 1В, не поворачивая меч"
ru.kdd3.txt,achDesc3,"Зачисти Уровень Десять 1В, не поворачивая меч"
ru.kdd3.txt,achDesc4,"Зачисти Уровень Десять 1Ю 1З, не поворачивая меч"
ru.kdd3.txt,achDesc5,"Зачисти Уровень Десять 1Ю, не используя эликсир двойника"
ru.kdd3.txt,achDesc6,"Зачисти Уровень Одиннадцать 1Ю 2В менее, чем за 150 ходов"
ru.kdd3.txt,achDesc7,Полностью очисти любую комнату Одиннадцатого Уровня от смолы
ru.kdd3.txt,achDesc8,"Пройди Двенадцатый Уровень 1Ю 2В, не двигаясь по диагонали"
ru.kdd3.txt,achDesc9,"Пройди Двенадцатый Уровень 2Ю 1В, не используя эликсир двойника"
ru.kdd3.txt,achDesc10,Разбуди ровно один глаз в комнате Двенадцатый Уровень 1Ю
ru.kdd3.txt,achDesc11,"Очисти комнату с дурными глазами, не разбудив ни одного из них"
ru.kdd3.txt,achDesc12,"Убей тараканью матку, пока её яйца растут"
ru.kdd3.txt,achDesc13,Очисти девятый Уровень
ru.kdd3.txt,achDesc14,Очисти десятый Уровень
ru.kdd3.txt,achDesc15,Очисти одиннадцатый Уровень
ru.kdd3.txt,achDesc16,Очисти двенадцатый Уровень
ru.kdd3.txt,achDesc17,Завоюй крепость
ru.kdd3.txt,achDesc18,Пройди зону мастеров
ru.kdd3.txt,achDesc19,Убей 35 тараканов
ru.kdd3.txt,achDesc20,Убей 20 тараканьих маток
ru.kdd3.txt,achDesc21,Разбей 15 тараканьих яиц
ru.kdd3.txt,achDesc22,Убей 15 дурных глаз
ru.kdd3.txt,achDesc23,Убей 5 тенекрылов
ru.kdd3.txt,achDesc24,Убей 10 змиев
ru.kdd3.txt,achDesc25,Бей сферу три хода подряд
ru.kdd3.txt,achDesc26,Открой зелёные ворота 10 раз
ru.kdd3.txt,achDesc27,Убей в сумме 2500 монстров
ru.kdd3.txt,achDesc28,Умри в сумме 100 раз
ru.kdd3.txt,achDesc29,Отмени ход в сумме 450 раз
ru.kdd3.txt,achDesc30,Урони в сумме 200 люков
ru.kdd3.txt,achDesc31,Пройди в сумме 8000 ходов
ru.kdd3.txt,outro,"Если бы у Битро была с собой карта Подземелий Дугана, он знал бы что то что ждёт его на тринадцатом уровне может победить самого сильного воина. Но по крайней мере там не будет никакой смолы и змиев тоже не будет...

<font size=""32"" color=""#FFFF00"">Поздравляем!</font>

Вы завершили третий эпизод Смертельных Комнат Смерти, Подземелья Короля Дугана (Флэш-версия). Мы очень надеемся, что вам понравилось.
Теперь, когда вы спустились по последним ступеням в этом эпизоде, вы можете попробовать Завоевать игру, а потом пройти Зону Мастеров! Для этого вы должны найти все секретные комнаты. Количество секретных комнат, оставшихся на каждом уровне, теперь будет показано в меню Загрузки Игры.
Когда вы пройдёте все секретные комнаты, специальная Зона Мастеров откроется для вас. Сможете ли вы найти вход в неё?
Вы можете также продолжить играть в следующий эпизод серии DROD:KDDL.

Но перед тем, как мы оставим вас купаться в лучах вашей славы, мы хотим поблагодарить несколько людей, которые сделали возможной эту игру:
	
	<font size=""26"" color=""#FFFF00"">Erik Hermansen</font> - Создатель, отец и изобретатель игры DROD. Без него сама идея игры никогда не увидела бы свет.

<font size=""26"" color=""#FFFF00"">Mike Rimer</font> - Он программировал DROD: JtRH and DROD: TCB практически собственноручно. Благодаря его отличной кодовой базе делать Flash DROD было сплошное удовольствие.

<font size=""26"" color=""#FFFF00"">Matt Schikore</font> - Повелитель форума Caravel и главный программист CaravelNet. С его помощью стала возможной таблица рекордов игроков, а также много других функций!


<font size=""23"" color=""#FFFF00"">Программирование, Разработка</font> - %%

<font size=""23"" color=""#FFFF00"">Графика и Музыка</font> - %%

<font size=""23"" color=""#FFFF00"">Серверные разработки</font> - %%

<font size=""23"" color=""#FFFF00"">Архитекторы Крепости</font> - %%

<font size=""23"" color=""#FFFF00"">Главные Тестеры</font> - %%

<font size=""23"" color=""#FFFF00"">Тестеры</font> - %%

<font size=""23"" color=""#FFFF00"">Переводы</font> - %%

<font size=""23"" color=""#FFFF00"">Голосовое Озвучивание</font> - %%

<font size=""23"" color=""#FFFF00"">Оригинальный Код, Идея и Уровни</font> - %%


Увидимся в следующий раз!

<font size=""18"" color=""#AAAAAA"">-Maurycy</font>"
ru.kdd3.txt,complNextGame,"Играйте в следующие уровни игры, KDD Lite 4. Игра откроется в новом окне. Это окно можно закрыть. Ваш прогресс был сохранён."
ru.kdd4.txt,Thirteenth Level,Thirteenth Level
ru.kdd4.txt,Fourteenth Level,Fourteenth Level
ru.kdd4.txt,Fifteenth Level,Fifteenth Level
ru.kdd4.txt,Sixteenth Level,Sixteenth Level
ru.kdd4.txt,Mastery Level,Зона Мастера
ru.kdd4.txt,Original 13th Level,Original 13th Level
ru.kdd4.txt,Tutorial Level,Tutorial Level
ru.kdd4.txt,entrTut,"Битро Бадкин, профессиональный зачиститель подземелий пятого поколения, был нанят Королём Дуганом, чтобы очистить многоэтажные королевские темницы от огромного скопища монстров.
Битро заплатят за каждую комнату, и как профессионал, по контракту он обязуется очистить все комнаты в подземелье, перед тем как получить оплату.
Единственное оружие, нужное Битро для работы - это его Очень Большой Меч, разящий почти любого монстра с одного удара."
ru.kdd4.txt,entr13,"""I probably ought to have skipped past this level, but a contract is a contract.  Where'd I put those bread crumbs?"" -Beethro"
ru.kdd4.txt,entr14,"On this level, you'll finally meet some folks with a healthy respect for your blade."
ru.kdd4.txt,entr15,"This level is like the time you mowed the lawn and had exactly the amount of gas needed to finish, but then you screwed up, and had to go buy some more gas.  And there was a big serpent at the gas station, and you wanted to go in to pay the attendant, but the front door was locked, so you drank a mimic potion to get in, and then the roaches...

Well, I guess the metaphor breaks down."
ru.kdd4.txt,entr16,These roaches need an authority figure to guide them.  Someone with charisma and character.  Someone like you!
ru.kdd4.txt,entrMaster,"Beethro descended the stairs only to find himself in an uncharted corridor...

He won't get paid for clean-up here, but his professional honor urges him onward."
ru.kdd4.txt,entrMasterBack,Beethro came back to finish the proper smiting business he was hired to do.
ru.kdd4.txt,entrOriginal13Enter,"Beethro descended into the mystical set of deadly, pointless corridors."
ru.kdd4.txt,entrOriginal13Success,"Proud of his achievement, but a whole lot less sane, Beethro emerged from the infamous 13th level of King Dugan's Dungeon."
ru.kdd4.txt,entrOriginal13Escape,"Beethro ran away from the challenge like a little, scrawny kitten."
ru.kdd4.txt,achName0,One-directional Forest
ru.kdd4.txt,achName1,Stoic Snakes
ru.kdd4.txt,achName2,Tar Stayer
ru.kdd4.txt,achName36,Eyedoors
ru.kdd4.txt,achName3,Goblin Beater
ru.kdd4.txt,achName4,Goblin Crusher
ru.kdd4.txt,achName5,Goblin Destroyer
ru.kdd4.txt,achName6,Step Aside!
ru.kdd4.txt,achName7,Green Mommy
ru.kdd4.txt,achName8,Goblin Killer
ru.kdd4.txt,achName34,Extreme Sacrifice
ru.kdd4.txt,achName35,Strict Policies
ru.kdd4.txt,achName32,Calm Assassin
ru.kdd4.txt,achName33,Step Ahead
ru.kdd4.txt,achName39,Crossing Spiders
ru.kdd4.txt,achName9,Growing!
ru.kdd4.txt,achName37,Master of Eyeion
ru.kdd4.txt,achName38,Hunter Games
ru.kdd4.txt,achName10,The Explorer
ru.kdd4.txt,achName11,Goblin Fricassee
ru.kdd4.txt,achName12,Матереубийство
ru.kdd4.txt,achName13,Начинающий Исследователь
ru.kdd4.txt,achName14,Неопытный Охотник
ru.kdd4.txt,achName15,Зачиститель По Контракту
ru.kdd4.txt,achName16,Я Профессионал!
ru.kdd4.txt,achName17,Завоеватель
ru.kdd4.txt,achName18,Мастер
ru.kdd4.txt,achName19,Flamed Roaches
ru.kdd4.txt,achName20,Baked Queens
ru.kdd4.txt,achName21,Raw Eggs
ru.kdd4.txt,achName22,Evil Eye a la Mode
ru.kdd4.txt,achName23,Wraithwing Kebabs
ru.kdd4.txt,achName24,Serpent Sushi
ru.kdd4.txt,achName25,Tuning Fork
ru.kdd4.txt,achName26,Lowering Green
ru.kdd4.txt,achName27,Peace Maker
ru.kdd4.txt,achName28,Phoenix
ru.kdd4.txt,achName29,Master of Time
ru.kdd4.txt,achName30,Floor Cleaner
ru.kdd4.txt,achName31,To Infinity and Beyond
ru.kdd4.txt,achDesc0,13th Level 2S1W: Clear the room without turning your sword
ru.kdd4.txt,achDesc1,13th Level 1S: Clear the room without turning your sword
ru.kdd4.txt,achDesc2,13th Level 1S1E: Clear the room without turning your sword
ru.kdd4.txt,achDesc36,13th Level 1S2W: Clear the room without turning your sword
ru.kdd4.txt,achDesc3,14th Level 1S: Clear the room constantly facing NW
ru.kdd4.txt,achDesc4,14th Level 2S: Clear the room constantly facing E
ru.kdd4.txt,achDesc5,14th Level 1N: Clear the room constantly facing S
ru.kdd4.txt,achDesc6,14th Level 2E: Clear the room without stepping on the trapdoor
ru.kdd4.txt,achDesc7,14th Level 2N: Clear the room without letting the tar mother spawn
ru.kdd4.txt,achDesc8,14th Level 1N3E: Clear the room without turning your sword
ru.kdd4.txt,achDesc34,14th Level 1N1E: Kill goblin as the last monster
ru.kdd4.txt,achDesc35,14th Level 2N2E: Clear the room without letting the goblin stand on gray road
ru.kdd4.txt,achDesc32,15th Level Entrance: Clear the room without turning your sword
ru.kdd4.txt,achDesc33,15th Level Entrance: Drop all trapdoors before clearing the room
ru.kdd4.txt,achDesc39,"15th Level 1N: After hitting the orb, kill all spiders while moving only diagonally"
ru.kdd4.txt,achDesc9,16th Level 1S1E: Clear the room without letting the tar mother spawn
ru.kdd4.txt,achDesc37,Mastery Level 2N: Clear the room without eyes waking or eggs being laid
ru.kdd4.txt,achDesc38,Mastery Level 1N1E: Kill the wraithwing without dropping all trapdoors
ru.kdd4.txt,achDesc10,Visit each room in the original 13th level (%% / 56)
ru.kdd4.txt,achDesc11,Kill 40 goblins
ru.kdd4.txt,achDesc13,Clear Thirteenth Level
ru.kdd4.txt,achDesc14,Clear Fourteenth Level
ru.kdd4.txt,achDesc15,Clear Fifteenth Level
ru.kdd4.txt,achDesc16,Clear Sixteenth Level
ru.kdd4.txt,achDesc12,"Убей тараканью матку, пока её яйца растут"
ru.kdd4.txt,achDesc17,Завоюй крепость
ru.kdd4.txt,achDesc18,Пройди зону мастеров
ru.kdd4.txt,achDesc19,Убей 100 тараканов
ru.kdd4.txt,achDesc20,Убей 25 тараканьих маток
ru.kdd4.txt,achDesc21,Разбей 10 тараканьих яиц
ru.kdd4.txt,achDesc22,Убей 80 дурных глаз
ru.kdd4.txt,achDesc23,Убей 40 тенекрылов
ru.kdd4.txt,achDesc24,Убей 25 змиев
ru.kdd4.txt,achDesc25,Бей сферу три хода подряд
ru.kdd4.txt,achDesc26,Открой зелёные ворота 20 раз
ru.kdd4.txt,achDesc27,Убей в сумме 3000 монстров
ru.kdd4.txt,achDesc28,Умри в сумме 80 раз
ru.kdd4.txt,achDesc29,Отмени ход в сумме 500 раз
ru.kdd4.txt,achDesc30,Урони в сумме 500 люков
ru.kdd4.txt,achDesc31,Пройди в сумме 10000 ходов
ru.kdd4.txt,sc_13_entr_1,Shortcut to the exit
ru.kdd4.txt,sc_13_entr_2,A true Smitemaster will not read the scroll above without conquering the level first.
ru.kdd4.txt,sc_13_entr_3,"Stones lay before sand, before them lay slabs which are preceded by grass which grows on tile, on dirt built.
-Unknown Poet"
ru.kdd4.txt,sc_13_2S2W_3,Shortcut to the entrance
ru.kdd4.txt,sc_14_1N3E,This fellow in the other room is not so clever.  He always falls for the same old trick.
ru.kdd4.txt,sc_mast_entr_1,The Original 13th Level
ru.kdd4.txt,sc_mast_entr_2,Some new puzzles.
ru.kdd4.txt,sc_mast_entr_3,Harder versions of existing rooms.
ru.kdd4.txt,sc_mast_1W,There is but naught here.
ru.kdd4.txt,sc_o13_orb,This orb served a purpose in the original level.
ru.kdd4.txt,sc_o13_orbs,These orbs served a purpose in the original level.
ru.kdd4.txt,sc_o13_orb2,"This orb was not here originally, and the whole yellow gate was in one room."
ru.kdd4.txt,sc_o13_orbs_gates,There was an orb in the original room and the gates served a purpose.
ru.kdd4.txt,sc_o13_broken_wall,There was a regular wall in the original level making the following area impossible to reach.
ru.kdd4.txt,sc_o13_edge,There was no room edge here originally.
ru.kdd4.txt,sc_o13_roach,"In the original 13th level, the roach above was in the same room and this corridor was a little bit different."
ru.kdd4.txt,scM1s1,"Now that's some achievement!"
ru.kdd4.txt,scM1s2,How was the game? Did you manage to get all of the achievements?
ru.kdd4.txt,scM1s3,"Feel free to visit CaravelGames.com to play more episodes of KDDL, or to download any of the full DROD games for Windows, MacOS, or Linux."
ru.kdd4.txt,scM1s4,Rock on!
ru.kdd4.txt,scM1s5,Here is a small reward! Kill all the eyes and goblins without stepping on the grass.
ru.kdd4.txt,scM1s6,Roach queens will be killed once you step on the checkpoint in the far-right corner.
ru.kdd4.txt,scM1s7,Fabulous!
ru.kdd4.txt,sp_14_1E,Ahh...nothing satisfies like the sweet sight of no tar at all!
ru.kdd4.txt,sp_14_2N2E_1,Bah...looks like I need to keep this goblin alive long enough to remove that serpent up there for me.
ru.kdd4.txt,sp_14_2N2E_2,"No helpings from me!  You cuts me up, I know it--don't matter now or later."
ru.kdd4.txt,sp_14_2N2E_3,"Don't act all brave.  Because I know goblins aren't brave."
ru.kdd4.txt,sp_14_2N2E_4,"No, No, No!  Keeps pointy thing away!"
ru.kdd4.txt,sp_14_2N2E_5,"You're thinking you'll sneak behind when I'm not looking.  Yeah."
ru.kdd4.txt,sp_14_2N2E_6,Mercy!
ru.kdd4.txt,sp_14_2N2E_7,"Look, you'd do the same in my place!"
ru.kdd4.txt,sp_14_2N2E_8,"That's nasty business. Hope I don't have to do that again!"
ru.kdd4.txt,sp_14_2N2E_9,"Rest there a bit while I open the passage, goblin."
ru.kdd4.txt,sp_14_2N2E_10,"(I probably didn't need to lock him up there...but better safe than sorry!)"
ru.kdd4.txt,sp_14_1N1E,Look at that...not a single wall destroyed!
ru.kdd4.txt,sp_15_1S2W,"Hoo boy, no simple plow here.  Let's plan the footwork ahead before I get moving."
ru.kdd4.txt,sp_16_2S1E_1,Brilliant!  Sometimes I even impress myself.
ru.kdd4.txt,sp_16_2S1E_2,Ha!  All clear!
ru.kdd4.txt,sp_16_2S1E_3,Now to get out of here...
ru.kdd4.txt,sp_16_2S1E_4,Hmm...which way did I come in again?
ru.kdd4.txt,sp_16_2S1E_5,"Ah, it doesn't matter."
ru.kdd4.txt,spM1s,You have failed...
ru.kdd4.txt,sp_o13_1,"Here, roachie, roachie..."
ru.kdd4.txt,sp_o13_2,"Greb! One measly little roachie I've gotta squish."
ru.kdd4.txt,sp_tut_entr_1,Welcome to DROD.
ru.kdd4.txt,sp_tut_entr_2,"If this is your first time playing a game in the series, please continue east."
ru.kdd4.txt,sp_tut_entr_3,"There you'll find a couple of easier puzzles to get yourself introduced to the concept."
ru.kdd4.txt,sp_tut_entr_4,"Take the stairs if you're familiar with the game."
ru.kdd4.txt,sp_tut_entr_5,Use numerical keyboard or keys 789 uio jkl to move around.
ru.kdd4.txt,sp_tut_entr_6,Keys can be changed from the options menu which you can access by hitting `escape`.
ru.kdd4.txt,sp_tut_1E_1,Orbs affect yellow doors. Hit it with your sword to activate it.
ru.kdd4.txt,sp_tut_1E_2,Click an orb with your mouse to see which doors it affects.
ru.kdd4.txt,sp_tut_1E_3,Rotate your sword using keys `Q` and `W`.
ru.kdd4.txt,sp_tut_1E_4,Hit the roach with your sword to kill it.
ru.kdd4.txt,sp_tut_1E_5,Hit the orb and wait for a couple of turns to see how monsters behave when diagonally approaching a corner.
ru.kdd4.txt,sp_tut_1E_6,Wait for it...
ru.kdd4.txt,sp_tut_1E_7,"As you can see, when approaching a corner diagonally, monsters prefer vertical movement."
ru.kdd4.txt,sp_tut_1E_8,Kill the roaches to drop the green door and follow East.
ru.kdd4.txt,sp_tut_2E_1,"You'll learn the backswipe here. After hitting the orb, there is only one way to kill the roaches - move directly North West or South West."
ru.kdd4.txt,sp_tut_2E_2,"You might want to repeat it a couple of times to help you remember it, as it is a very important technique."
ru.kdd4.txt,sp_tut_2E_3,You can move diagonally even through very narrow passages.
ru.kdd4.txt,sp_tut_2E_4,Broken and secret walls can be destroyed with your sword.
ru.kdd4.txt,sp_tut_2E_5,Arrows block movement of all entities against the direction they face
ru.kdd4.txt,sp_tut_2E_6,Step on the checkpoint to restore here if you die.
ru.kdd4.txt,sp_tut_2E_7,Roach queens lay eggs every 30 turns. Use the spawn timer on the left side of the game screen to know when the next spawn will happen.
ru.kdd4.txt,sp_tut_3E_1,"Evil Eyes remain dormant unless you stop in their line of sight - once awakened, they'll attack you like roaches."
ru.kdd4.txt,sp_tut_3E_2,Serpents cannot be damaged by your sword. The only way to kill them is to place them in a dead end.
ru.kdd4.txt,sp_tut_3E_3,Use the broken walls to forge a dead end for the serpents.
ru.kdd4.txt,sp_tut_3E_4,You can use backspace to undo a move.
ru.kdd4.txt,sp_tut_3E_5,"Serpents, unlike other monsters, cannot move diagonally."
ru.kdd4.txt,sp_tut_3E_6,At any given moment they have a movement preference which changes every five turns.
ru.kdd4.txt,sp_tut_3E_7,You can see their current movement preference under the spawn timer.
ru.kdd4.txt,sp_tut_4E_1,"When you step off a trapdoor, it will fall down, leaving a pit behind."
ru.kdd4.txt,sp_tut_4E_2,"To open the red gate, you will need to drop all the trapdoors."
ru.kdd4.txt,sp_tut_4E_3,Remember that you can use the pits left behind by dropped trapdoors to shield yourself against roaches.
ru.kdd4.txt,sp_tut_5E_1,Tar is a very peculiar substance. It can only be damaged on flat edges.
ru.kdd4.txt,sp_tut_5E_2,You do not need to clear all of it to conquer a room.
ru.kdd4.txt,sp_tut_6E_1,"Tar mothers are fearsome enemies. Despite staying in one place, hidden in tar, they make tar grow every 30 turns."
ru.kdd4.txt,sp_tut_6E_2,"The black door won't open until you clear all the tar from a room."
ru.kdd4.txt,sp_tut_7E_1,Drinking this potion will allow you to place a mimic.
ru.kdd4.txt,sp_tut_7E_2,Mimics will repeat all your moves and can drop trapdoors just like Beethro.
ru.kdd4.txt,sp_tut_8E_1,"When you drink the invisibility potion, monsters won't move unless they are in the smell range."
ru.kdd4.txt,sp_tut_8E_2,"Don't let the roach queen escape onto the arrows or you won't be able to kill her."
ru.kdd4.txt,sp_tut_8E_3,"You did well, congratulations!"
ru.kdd4.txt,sp_tut_8E_4,It seems you have failed.
ru.kdd4.txt,sp_tut_8E_5,"You can use ""R"" to restart the room or wait to hear some hints."
ru.kdd4.txt,sp_tut_8E_6,...
ru.kdd4.txt,sp_tut_8E_7,There are three different ways to solve this room.
ru.kdd4.txt,sp_tut_8E_8,"The fastest one requires you trap the queen on arrows near the green door in such a way, that you can kill it by stepping on or next to the diagonal arrow."
ru.kdd4.txt,sp_tut_8E_9,"The other one, nearly as quick the previous can be achieved by walking horizontally towards the queen so that the green door blocks it."
ru.kdd4.txt,sp_tut_8E_10,The last one requires full circle around the room and trapping the queen in the room entrance corridor.
ru.kdd4.txt,sp_tut_8E_11,"If you still can't do this, wait a couple of turns for the emergency mimic potion to open."
ru.kdd4.txt,sp_tut_9E,Good luck!
ru.kdd4.txt,sc_tut_emergency_potion,"Emergency mimic potion, use if room is too difficult."
ru.kdd4.txt,sc_tut_tricky,This tricky room is not required
ru.kdd4.txt,outro,"The last four floors were a real pain for Beethro with the tar, the doors, the roaches... As he descended the stairs he smelled more of the blue goo which made him cringe but in the very far back of his head something told him that there is even worse danger ahead of him...


<font size=""32"" color=""#FFFF00"">Congratulations!</font>

You have completed the fourth episode in the Deadly Rooms of Death, King Dugan's Dungeon Lite series. We sincerely hope you have found this experience enjoyable.
Now that you have descended the final flight of stairs available in this set, you may want to try to Master, and then Post-Master, this game!  To do this, go hunt for secret rooms. The number of secret rooms left on each level is now displayed on the Restore Screen.
Once you manage to conquer them all, a special Mastery Area will be opened. Can you find out how to access it?
You may also wish to play the next episode in the DROD:KDDL series.

Before we leave you to bask in your feeling of utter glory, we'd like to thank a couple of people, who made it possible for you to play this game:

<font size=""26"" color=""#FFFF00"">Erik Hermansen</font> - The creator, father and inventor of DROD. Without him, this unique game idea would have never seen the light of day.

<font size=""26"" color=""#FFFF00"">Mike Rimer</font> - He coded most of DROD: JtRH and DROD: TCB singlehandedly. Thanks to the splendid codebase, making Flash DROD was pure pleasure.

<font size=""26"" color=""#FFFF00"">Matt Schikore</font> - Overlord of the Caravel Forum and lead coder of CaravelNet. Thanks to him, you can battle for high scores, and so much more!


<font size=""23"" color=""#FFFF00"">Programming, Development</font> - %%

<font size=""23"" color=""#FFFF00"">Art & Music</font> - %%

<font size=""23"" color=""#FFFF00"">Server-side development</font> - %%

<font size=""23"" color=""#FFFF00"">Hold architects</font> - %%

<font size=""23"" color=""#FFFF00"">Primary Testers</font> - %%

<font size=""23"" color=""#FFFF00"">Testers</font> - %%

<font size=""23"" color=""#FFFF00"">Translations</font> - %%

<font size=""23"" color=""#FFFF00"">Voice Talents</font> - %%

<font size=""23"" color=""#FFFF00"">Original Coding, Idea & Levels</font> - %%


See you next time!

<font size=""18"" color=""#AAAAAA"">-Maurycy</font>"
ru.kdd4.txt,complNextGame,"Играйте в следующие уровни игры, KDD Lite 5. Игра откроется в новом окне. Это окно можно закрыть. Ваш прогресс был сохранён."
ru.txt,keyBackspace,Backspace
ru.txt,keyTab,Tab
ru.txt,keyEnter,Enter
ru.txt,keyShift,Shift
ru.txt,keyControl,Control
ru.txt,keyAlt,Alt
ru.txt,keyPause,Pause/Brk
ru.txt,keyCapsLock,Caps Lock
ru.txt,keyEscape,Escape
ru.txt,key ,Space
ru.txt,keyPageUp,Page Up
ru.txt,keyPageDown,Page Down
ru.txt,keyEnd,End
ru.txt,keyHome,Home
ru.txt,keyArrowLeft,Left
ru.txt,keyArrowUp,Up
ru.txt,keyArrowRight,Right
ru.txt,keyArrowDown,Down
ru.txt,keyInsert,Insert
ru.txt,keyDelete,Delete
ru.txt,key0,0
ru.txt,key1,1
ru.txt,key2,2
ru.txt,key3,3
ru.txt,key4,4
ru.txt,key5,5
ru.txt,key6,6
ru.txt,key7,7
ru.txt,key8,8
ru.txt,key9,9
ru.txt,keya,Ф
ru.txt,keyb,И
ru.txt,keyc,С
ru.txt,keyd,В
ru.txt,keye,У
ru.txt,keyf,А
ru.txt,keyg,П
ru.txt,keyh,Р
ru.txt,keyi,Ш
ru.txt,keyj,О
ru.txt,keyk,Л
ru.txt,keyl,Д
ru.txt,keym,Ь
ru.txt,keyn,Т
ru.txt,keyo,Щ
ru.txt,keyp,З
ru.txt,keyq,Й
ru.txt,keyr,К
ru.txt,keys,Ы
ru.txt,keyt,Е
ru.txt,keyu,Г
ru.txt,keyv,М
ru.txt,keyw,Ц
ru.txt,keyx,Ч
ru.txt,keyy,Н
ru.txt,keyz,Я
ru.txt,key91,Левый Win
ru.txt,key92,Правый Win
ru.txt,key93,Меню
ru.txt,keyNumpad0,Numpad 0
ru.txt,keyNumpad1,Numpad 1
ru.txt,keyNumpad2,Numpad 2
ru.txt,keyNumpad3,Numpad 3
ru.txt,keyNumpad4,Numpad 4
ru.txt,keyNumpad5,Numpad 5
ru.txt,keyNumpad6,Numpad 6
ru.txt,keyNumpad7,Numpad 7
ru.txt,keyNumpad8,Numpad 8
ru.txt,keyNumpad9,Numpad 9
ru.txt,keyNumpadMul,Numpad *
ru.txt,keyNumpadAdd,Numpad +
ru.txt,keyNumpadSub,Numpad -
ru.txt,keyNumpadDot,Numpad .
ru.txt,keyNumpadDiv,Numpad /
ru.txt,keyF1,F1
ru.txt,keyF2,F2
ru.txt,keyF3,F3
ru.txt,keyF4,F4
ru.txt,keyF5,F5
ru.txt,keyF6,F6
ru.txt,keyF7,F7
ru.txt,keyF8,F8
ru.txt,keyF9,F9
ru.txt,keyF10,F10
ru.txt,keyF11,F11
ru.txt,keyF12,F12
ru.txt,keyF13,F13
ru.txt,keyF14,F14
ru.txt,keyF15,F15
ru.txt,key144,Numlock
ru.txt,key145,Scroll Lock
ru.txt,key;,Ж
ru.txt,key=,=
ru.txt,"key,",Б
ru.txt,key-,-
ru.txt,key.,Ю
ru.txt,key/,.
ru.txt,key~,Ё
ru.txt,key[,Х
ru.txt,key\,\
ru.txt,key],Ъ
ru.txt,"key'",Э
ru.txt,numpad,Numpad
ru.txt,notebook,Ноутбук
ru.txt,keyUp,Пойти на Север       
ru.txt,keyUpLeft,Пойти на Северо-Запад
ru.txt,keyUpRight,Пойти на Северо-Восток
ru.txt,keyLeft,Пойти на Запад
ru.txt,keyRight,Пойти на Восток
ru.txt,keyDown,Пойти на Юг
ru.txt,keyDownLeft,Пойти на Юго-Запад
ru.txt,keyDownRight,Пойти на Юго-Восток
ru.txt,keyWait,Пропустить Ход
ru.txt,keyCW,Повернуться По Час. Стрелке
ru.txt,keyCCW,Повернуться Против Час. Стрелки
ru.txt,keyUndo,Вернуть Последний Ход
ru.txt,keyRestart,Перезагрузка Комнаты
ru.txt,keyBattle,Клавиша Боя
ru.txt,keyLock,Запереть/Отпереть Комнату
ru.txt,close,Закрыть
ru.txt,cnetError,"Не удалось подключиться.
Причиной могут быть неправильные данные, проблемы с интернет-связью или временная недоступность сервера. Функции CaravelNet отключены. Чтобы вернуть их, введите ваши данные и нажмите ""Соединить!"""
ru.txt,prlStartGame,Начать Игру
ru.txt,prlLanguage,Поменять Язык
ru.txt,prlLoading,Загрузка: %% / %%
ru.txt,prlWaitApi,Ждем соединения с API...
ru.txt,initAssets,Идёт инициализация %% / %%
ru.txt,tsStartNew,Новая Игра
ru.txt,tsStartNewKey,И
ru.txt,tsStartNewKeyCode,66
ru.txt,tsContinue,Продолжить Игру
ru.txt,tsContinueKey,П
ru.txt,tsContinueKeyCode,71
ru.txt,tsRestore,Загрузить Комнату
ru.txt,tsRestoreKey,З
ru.txt,tsRestoreKeyCode,80
ru.txt,tsAchievements,Достижения
ru.txt,tsAchievementsKey,Д
ru.txt,tsAchievementsKeyCode,76
ru.txt,tsOptions,Настройки
ru.txt,tsOptionsKey,Н
ru.txt,tsOptionsKeyCode,89
ru.txt,tsHelp,Помощь и Предыстория
ru.txt,tsHelpKey,о
ru.txt,tsHelpKeyCode,74
ru.txt,tsBrowse,Выбрать Крепость
ru.txt,tsBrowseKey,К
ru.txt,tsBrowseKeyCode,82
ru.txt,optHeader,Настройки:
ru.txt,optUploadAll,Загрузить Все Результаты
ru.txt,optConnect,Соединить!
ru.txt,optRedefine,Перенастроить Кнопки
ru.txt,optCnetHeader,Данные CaravelNet
ru.txt,optCnetUser,CaravelNet Имя
ru.txt,optCnetKey,CaravelNet Ключ
ru.txt,optCnetVolume,Громкость
ru.txt,optCnetMusic,Музыка
ru.txt,optCnetSound,Эффекты
ru.txt,optCnetVoices,Голос
ru.txt,optMoveAnim,Анимация Движения
ru.txt,optMoveSmooth,Гладкая
ru.txt,opyMoveFast,Быстрая
ru.txt,uploadAll,Результаты Загружаются
ru.txt,uploadDone,Готово!
ru.txt,uploadError,"Ошибка! Пожалуйста, соединитесь и попробуйте снова!"
ru.txt,uploadAlreadyHas,Уже загружено
ru.txt,uploadRoomEntrance,Вход
ru.txt,cnetHeader,"Узнать больше или купить подписку CaravelNet.
	Откроется в новом окне."
ru.txt,cnetDescription,"Пользователи, подписавшиеся на CaravelNet, могут загрузить здесь свою информацию, чтобы участвовать в глобальной таблице рекордов. Каждая комната оценивается за наименьшее количество ходов, за которые она была  пройдена. Если вы не заполнили данные, вы будете уведомлены, какое место ваш результат занял бы, но он не  засчитается, пока вы не загрузите его с помощью кнопки Загрузить Все Результаты."
ru.txt,redefineScreen,"Вы перенастраиваете кнопку для ""%%""
Выберите новую кнопку (сейчас: %%)
Или Escape для отмены"
ru.txt,redefineInvalidKey,"%% зарезервирована для других функций
Выберите новую кнопку
Или Escape для отмены"
ru.txt,redefineReservedKey,"%% зарезервирована для альтернативного движения
Выберите другую кнопку
Или Escape для отмены"
ru.txt,abButCnet,Про CaravelNet
ru.txt,abButHowto,Как Играть
ru.txt,abButHistory,История игры DROD
ru.txt,abButBackstory,Предыстория
ru.txt,abButCredits,Титры
ru.txt,h&bTextWidth,450
ru.txt,h&bText,"  DROD была придумана Эриком Хермансеном в 90-х годах. Игра известна как головоломка, в которой вы бегаете по подземельям, убивая монстров своим Очень Большим Мечом™. Как это работает? Вы увидите сами, как только вы начнёте играть в игру.

  Flash DROD - это порт оригинальной игры DROD. Он использует содержимое новых движков игры DROD, которые вы можете скачать с CaravelGames.com.

  В игре интегрирован CaravelNet, позволяющий не только решать головоломки самому, но и соревноваться с другими игроками, пытаясь решить каждую комнату за наименьшее количество ходов."
ru.txt,creditsWidth,620
ru.txt,credits,"<font size=""20"">Программирование, Разработка: </font><font color=""#444444"">%%</font>
<font size=""20"">Графика и Музыка: </font><font color=""#444444"">%%</font>
<font size=""20"">Серверные разработки: </font><font color=""#444444"">%%</font>
<font size=""20"">Дизайн Уровней: </font><font color=""#444444"">%%</font>
<font size=""20"">Главные Тестеры: </font><font color=""#444444"">%%</font>
<font size=""20"">Тестеры: </font><font color=""#444444"">%%</font>
<font size=""20"">Переводы: </font><font color=""#444444"">%%</font>
<font size=""20"">Голоса: </font><font color=""#444444"">%%</font>
<font size=""20"">Оригинальный Код, Идея и Уровни: </font><font color=""#444444"">%%</font>"
ru.txt,controlsWindowWidth,650
ru.txt,controlsWindow,"<font size=""18"">`Цифровая Клавиатура` или `789 ГШЩ ОЛД` (`789 UIO JKL`)</font><font color=""#444444""> - Передвижение</font>
<font size=""18"">`Й` и `Ц` (`Q` и `W`)</font><font color=""#444444""> - Поворот меча</font>
<font size=""18"">`Бекспейс` </font><font color=""#444444"">- Отменить ход</font>
<font size=""18"">`К` (`R`) </font><font color=""#444444"">- Вернуться на точку сохранения или начать комнату заново</font>
<font size=""18"">`Shift+К` (`Shift+R`) </font><font color=""#444444"">- Начать комнату заново</font>
<font size=""18"">`Escape` </font><font color=""#444444"">- Пауза - Меню</font>
<font size=""18"">`Enter` </font><font color=""#444444"">- Статистика комнаты и уровня</font>
<font size=""18"">`Ч` (`X`) </font><font color=""#444444"">- Запереть/отпереть комнату</font>
<font size=""18"">`Space` </font><font color=""#444444"">- Убрать голос и достижения с экрана</font>
<font size=""18"">`F3` </font><font color=""#444444"">- Показать счётчик ходов</font>
<font size=""18"">`Shift+Клавиша` </font><font color=""#444444"">- Сделать ход, а потом его противо-ход</font>
<font size=""18"">`Shift+Ждать` </font><font color=""#444444"">- Подождать до следующего периода размножения</font>
<font size=""18"">`Клик Мышкой` </font><font color=""#444444"">- Информация о кликнутом квадрате</font>

  Ваша задача - очистить каждый уровень Подземелья Короля Дугана от монстров. Достигнуть этого вам поможет Очень Большой Меч™ и ваша смекалка. Каждая комната является отдельной головоломкой и должна быть решена в один присест. Если вы покинете комнату, не очистив её от монстров, она вернётся в оригинальное состояние, когда вы посетите её снова."
ru.txt,cnetInfoWidth,500
ru.txt,cnetInfo,"  CaravelNet позволяет игрокам со всего мира соревноваться за лучшие результаты.

  Любой может послать свои результаты анонимно и сравнить их с другими игроками. Однако, анонимные результаты не сохраняются на Caravel сервере и используются лишь как информация. Результаты пользователя, зарегистрированного на форуме Caravel, остаются на две недели бесплатно. Результаты тех, у кого есть CaravelNet, остаются навсегда и никогда не стираются.

  Заметьте, что, пока ваш прогресс остаётся на вашем диске, вы можете отправить все ваши результаты на сервер, как только вы зарегистрируетесь на Caravel.

  Чтобы зарегистрироваться на Caravel, посетите  CaravelGames.com и создадите аккаунт на форуме!"
ru.txt,backstory1,"  Когда Битро Бадкин зашёл в Большую Королевскую Трапезную, Король Дуган как раз заканчивал свой обильный завтрак.

  ""Пошёл вон, вонючий бродяга!"" заорал Король, брызжа слюной и ошмётками картофельного пюре, ""Ты отбиваешь мой аппетит своим отсутствием гигиены!""

  ""Но сир,"" запротестовал Битро, ""вы же сами за мной посылали.""

  Лицо Короля сменило выражение с гнева и замешательства на узнавание и добродушие за несколько секунд.

  ""Давно надо было за тобой послать,"" сказал Король Дуган. ""Это просто невозможно! Стоило разрешить стражникам брать с собой еду в темницы и они везде накрошили. И теперь там завелись гигантские тараканы, а потом гоблины, змии, дурные глаза и ещё черт знает какая нечисть. 	  Ситуация выходит из под контроля!""

  Битро раздулся от гордости. ""Не беспокойтесь, я профессионал, и все мои предки тоже были зачистителями подземелий. В моём распоряжении мастерство пяти поколений и новейшее оборудование для зачистки подземелий по доступной цене.""

  ""Какое оборудование?""

  ""Ну, у меня Очень Большой Меч."""
ru.txt,backstory2,"  ""Отлично! Когда ты можешь начать?""

  ""Как только разберёмся с условиями оплаты. Вот мои страндартные расценки, только подпись поставьте снизу."" Битро протянул Королю контракт.""

  ""Эти цены неприемлемы! А как же честь служения Короне, разве это не покрывает стоимость?""

  ""Я могу уйти.""

  ""Ни за что. Нам срочно нужно очистить темницы, чтобы узники могли получать свои пытки в чистых и безопасных условиях.""

  ""Ну, я могу сделать скидку, если отдадите принцессу замуж.""

  ""Ты уродлив и от тебя воняет. За тебя никакая принцесса не пойдёт!""

  ""И то правда,"" согласился Битро пожав плечами.

  Король поставил свою подпись на указаном месте. ""Ладно. Пойдём, я покажу тебе вход."""
ru.txt,backstory3,"  Спускаясь по ступеням, Битро размышлял о предстоящей работе. Подземелья Дугана были огромными и, судя по рассказам предыдущих зачистителей, запущенными до невозможности. Их также секретно расширили несколько раз, к неудовольствию первого профессионала, нанятого их очистить, 	       который не предусмотрел этого в своём контракте. (Ему заплатили только за те части, о которых он знал раньше.)

  Поговаривают, что за расширениями стоят какие-то зловещие силы. Согласно легенде, один из прежних королей устал от своего надоедливого молодого сына и в шутку предложил парню пойти поиграть в замковых темницах. Приняв отца серьёзно, мальчик ушел глубоко в подземелья и больше его никто не видел. 	   Но говорят, принц не погиб, а решил прожить свою жизнь в подземельях по собственному выбору; что он освоил свою новую среду проживания, узнал все 	   секреты подземного мира, подчинил себе монстров, которые там обитали, и даже улучшил их породу и вывел новые виды. Их то он и заставил проложить 	   новые туннели. Он назвал себя Подземник и поклялся, что однажды вернётся и захватит свой трон обратно."
ru.txt,backstory4,"  Битро не был уверен насчёт этого всего. Во-первых, королевский трон давно уже был не тот что раньше, а практически всю власть загрёб себе парламент. Да и вообще, кто же захочет жить под землёй, и как можно подружиться с тамошними тварями: они не очень-то разговорчивы. 		Но это чистая правда, что подземелья частенько излишне запутанны и кишат всякой нечистью и что их внезапно расширяют - а ни один 		Архитектор Подземелий не выдаст почему, для них это дело чести - и это главная причина, по которой люди профессии Битро всегда найдут работу.

  Ну да ладно, у зачистителя есть более практические причины для беспокойства: например, плодовитые гигантские тараканы ростом с человека. В основном Битро думал о том, что последний контракт даёт ему шанс набрать достаточно денег и мёртвых монстров, чтобы бросить, наконец, эту неблагодарную работу 	   и открыть свой ресторан.

  ""Я назову его 'У Битро: Гриль-Бар Жареных Тараканов'!"""
ru.txt,backstory1width,550
ru.txt,backstory2width,550
ru.txt,backstory3width,550
ru.txt,backstory4width,550
ru.txt,backstoryNext,Дальше
ru.txt,backstoryPrev,Обратно
ru.txt,drodHistoryWidth,650
ru.txt,drodHistory,"  ""Deadly Rooms of Death"" (DROD) была придумана Эриком Хермансеном в 90-х годах. Игра была выпущена компанией Webfoot и называлась `Webfoot DROD`, Однако, эта версия игры больше не продаётся и не поддерживается. Эрику, однако, было позволено разработать и выпустить игру заново, и результатом 		 стала `Caravel DROD` выпущенная в 2002-м году.

  Позже, в 2003-м году, вышла ""DROD: Architect's Edition"", в которой был редактор уровней, позволяющий игрокам строить свои `Крепости` (наборы уровней) и делиться ими с другими на форуме CaravelGames. У игры появилось большое сообщество игроков, и было решено выпустить следующую.

  1-го апреля 2005-го года вышла ""DROD: Journey to Rooted Hold"" с массой улучшений. Новая графика, программируемые сценарии, более дюжины новых элементов, захватывающий сюжет и новый противник с леденящим душу голосом.

  Ровно через два года вышла ""DROD: The City Beneath"". В этот день было замечено рекордное количество посетителей на форуме Caravel. В TCB было ещё больше дополнений и улучшений, чем в JtRH, и она была значительно труднее.

  В 2008-м вышла ""DROD RPG"". Хотя не такая популярная, как основные игры, она достойна украсить вашу коллекцию. Главное различие в том, что жанр DROD RPG - это стратегия и грамотное распоряжение ресурсами, охватывающее множество комнат стразу и требующее планирования заранее. Каждый монстр имел свои параметры, и вы должны 	   были вычислить каких монстров выгодно сейчас победить а каких нет, планировать куда пойти сначала и какие ресурсы собрать, и в каком порядке.

  ""DROD 4: Gunthro and the Epic Blunder"" - это последний релиз игры, вышедший 1-го апреля 2012-го года. Эта игра предназначена для новых игроков: головоломки в ней легче, обучающие комнаты интуитивней и главная карта менее запутанна."
ru.txt,rstHeader,Загрузить игру
ru.txt,rstToRoom,Загрузить в данную комнату
ru.txt,rstReturn,Вернуться в главное меню
ru.txt,rstSecrets,Секретов пройдено: %% / %%
ru.txt,roomLocked,"Вы заперли выход из комнаты. Нажмите %% снова, чтобы отпереть."
ru.txt,ingLevelCompleted,Уровень Закончен
ru.txt,ingSecretFound,Секрет Найден
ru.txt,ingHoldMastered,Крепость Завоёвана
ru.txt,achievementHeader,Достижение!
ru.txt,achievementDismiss,Закрыть - Клик или Space
ru.txt,achlistHeader,Достижения:
ru.txt,browseHeader,Выбрать Крепость (для Flash DROD)
ru.txt,browseOpen,Открыть в новом окне
ru.txt,scrStats,Статистики игрока
ru.txt,scrYourBest,Ваша оценка:
ru.txt,scrTop,Лучшие оценки за комнату:
ru.txt,scrNoScore,Нету!
ru.txt,scrFetching,Ищем...
ru.txt,scrOnlyForCnet,"Таблица рекордов доступна только подписчикам CaravelNet и участникам форума Caravelgames.

Вы не заполнили данные вашего CaravelNet аккаунта. Создание CaravelNet аккаунта  позволит вам соревноваться с игроками со всех сторон земного шара, и следить за рекордами каждой комнаты."
ru.txt,scrMovesRoom,Ходов в комнате: %%
ru.txt,scrMovesLevel,Ходов на уровне: %%
ru.txt,scrDeaths,Смертей на уровне: %%
ru.txt,scrKills,Убийств на уровне: %%
ru.txt,scrTime,Время на уровне: %%
ru.txt,scrNoScores,У этой комнаты пока нет рекордов.
ru.txt,scrCnetProblems,"CaravelNet функции отключены из за проблем с вашей связью.

Удостоверьтесь, что ваша интернет-связь работает и вы ввели правильные CaravelNet данные. Потом идите в Настройки и нажмите ""Соединить!"""
ru.txt,loginConnected,"  Вы подключены к CaravelNet как зарегистрированный пользователь

  Если вы создали аккаунт на форуме, но не имеете CaravelNet, ваши результаты будут удалены спустя две недели после их загрузки.

  Результаты, загруженные CaravelNet пользователями, остаются навсегда."
ru.txt,loginConnectedAnonymous,"  Вы подключены к CaravelNet как анонимный пользователь. Вы можете загружать ваши результаты, чтобы знать, какое место вы бы заняли, но ваши результаты не остаются на сервере. Чтобы они оставались, вы можете создать Caravelgames аккаунт (из меню Настройки).
  Если вы решите создать аккаунт, не забудьте использовать кнопку ""Загрузить Все Результаты"", чтобы переслать текущий прогресс на наш сервер."
ru.txt,loginFailed,"  Не удалось подключиться!

1. Убедитесь, что вы подключены к интернету.
2. Убедитесь, что ваш брандмауэр не блокирует игру.
3. Посетите http://forum.caravelgames.com, чтобы убедиться, что сервер работает. Если нет, подождите несколько минут и попробуйте снова.
"
ru.txt,loginFailedBadCredentials,4. Проверьте правильность введённых данных.
ru.txt,loginFailedMissingCrentials,4. Проверьте правильность введённого имени и ключа CarevelNet.
ru.txt,pauseHeader,DROD на паузе
ru.txt,pauseContinue,Продолжить играть
ru.txt,pauseContinueTip,"Продолжить играть.
(Escape, Enter)"
ru.txt,pauseRestart,Перезапустить комнату
ru.txt,pauseRestartTip,"Начать комнату заново.
(В игре: F5)."
ru.txt,pauseRoomHelp,Помощь для комнаты
ru.txt,pauseRoomHelpTip,"Интернет-помощь для текущей комнаты.
(В игре: F2)"
ru.txt,pauseHelp,Общая Помощь
ru.txt,pauseHelpTip,"Открыть окно помощи по общим вопросам.
(В игре: F1)"
ru.txt,pauseAchievements,Посмотреть достижения
ru.txt,pauseAchievementsTip,"Показывает список достижений.
(В игре: Tab)"
ru.txt,pauseOptions,Настройки
ru.txt,pauseOptionsTip,Позволяет изменить различные настройки.
ru.txt,pauseReturn,Вернуться в главное меню
ru.txt,pauseReturnTip,"Прогресс в игре сохраняется,
Но прогресс в текущей комнате будет
потерян, если выйти из игры."
ru.txt,achHidden,???
ru.txt,levelCreatedDate,Создан %%.%%.%%
ru.txt,score1NoTie,Первое Место!!
ru.txt,score1,1-е место
ru.txt,score2,2-е место
ru.txt,score3,3-е место
ru.txt,score4,4-е место
ru.txt,score5,5-е место
ru.txt,score6,6-е место
ru.txt,score7,7-е место
ru.txt,score8,8-е место
ru.txt,score9,9-е место
ru.txt,score10,10-е место
ru.txt,score11,11-е место
ru.txt,score12,12-е место
ru.txt,score13,13-е место
ru.txt,score14,14-е место
ru.txt,score15,15-е место
ru.txt,score16,16-е место
ru.txt,score17,17-е место
ru.txt,score18,18-е место
ru.txt,score19,19-е место
ru.txt,score20,20-е место
ru.txt,score21,21-е место
ru.txt,score22,22-е место
ru.txt,score23,23-е место
ru.txt,score24,24-е место
ru.txt,score25,25-е место
ru.txt,scoreTie,%% ничья!
ru.txt,scoreNoCnet,(anonymous)
ru.txt,resultHoldTotals,"Итоги Крепости:
"
ru.txt,resultLevelTotals,"Итоги Уровня:
"
ru.txt,resultMoves,"Ходов: %%
"
ru.txt,resultKills,"Убийств: %%
"
ru.txt,resultDeaths,"Смертей: %%
"
ru.txt,resultTime,"Время: %%
"
ru.txt,resultSecrets,"Секретов найдено: %%
"
ru.txt,resultSecretsBetter,"Секретов найдено: %% / %%
"
ru.txt,spawnCycle,Часы прибавления:
ru.txt,snakesPrefer,Предпочтение змей:
ru.txt,clcHo,ГО
ru.txt,clcRiz,РИЗ
ru.txt,clcOn,ОНТ
ru.txt,clcTal,АЛЬ
ru.txt,clcVe,ВЕ
ru.txt,clcRt,РТ
ru.txt,clcIc,ИК
ru.txt,clcAl,АЛЬ
ru.txt,tile1,Пол
ru.txt,tile2,Яма
ru.txt,tile3,Ступеньки Вниз
ru.txt,tile4,Стена
ru.txt,tile5,Разрушающаяся Стена
ru.txt,tile6,Ворота Очистки Уровня
ru.txt,tile7,Ворота Очистки Комнаты
ru.txt,tile8,Ворота Люков
ru.txt,tile9,Жёлтая Дверь
ru.txt,tile10,Жёлтая Дверь (Открыта)
ru.txt,tile11,Люк
ru.txt,tile12,Препятствие
ru.txt,tile13,Стрелка (Север)
ru.txt,tile14,Стрелка (Северо-Восток)
ru.txt,tile15,Стрелка (Восток)
ru.txt,tile16,Стрелка (Юго-Восток)
ru.txt,tile17,Стрелка (Юг)
ru.txt,tile18,Стрелка (Юго-Запад)
ru.txt,tile19,Стрелка (Запад)
ru.txt,tile20,Стрелка (Северо-Запад)
ru.txt,tile21,Эликсир Невидимости
ru.txt,tile22,Эликсир Двойника
ru.txt,tile23,Свиток
ru.txt,tile24,Сфера
ru.txt,tile35,Смола
ru.txt,tile37,Ворота Смолы
ru.txt,tile54,Мозаика
ru.txt,tile55,Дорога
ru.txt,tile56,Трава
ru.txt,tile57,Грязь
ru.txt,tile58,Перемежающийся Пол
ru.txt,tile59,Стена Мастера
ru.txt,tile61,Ступеньки Наверх
ru.txt,tile62,Секретная Стена
ru.txt,tile66,Стена
ru.txt,tile68,Ворота Прохода Комнаты (Открыты)
ru.txt,tile69,Ворота Прохода Уровня (Открыты)
ru.txt,tile70,Ворота Люков (Открыты)
ru.txt,tile71,Ворота Смолы (Открыты)
ru.txt,tileCheckpoint,Точка Сохранения
ru.txt,monsterPlayer,Игрок
ru.txt,monster0,Таракан
ru.txt,monster1,Тараканья Матка
ru.txt,monster2,Тараканье Яйцо
ru.txt,monster3,Гоблин
ru.txt,monster5,Тенекрыл
ru.txt,monster6,Дурной Глаз
ru.txt,monster7,Змий
ru.txt,monster8,Королева Смолы
ru.txt,monster9,Смолёныш
ru.txt,monster10,Мозг
ru.txt,monster11,Двойник
ru.txt,monster12,Паук
ru.txt,monster29,Персонаж
ru.txt,sword,Меч
ru.txt,swords,Мечей (%%)
ru.txt,roomS,Ю
ru.txt,roomSouth,на Юг
ru.txt,roomN,С
ru.txt,roomNorth,на Север
ru.txt,roomE,В
ru.txt,roomEast,на Восток
ru.txt,roomW,З
ru.txt,roomWest,на Запад
ru.txt,roomEntrance,Вход
ru.txt,room1,1
ru.txt,room2,2
ru.txt,room3,3
ru.txt,room4,4
ru.txt,room5,5
ru.txt,room6,6
ru.txt,room7,7
ru.txt,room8,8
ru.txt,room9,9
ru.txt,room10,10
ru.txt,room11,11
ru.txt,room12,12
ru.txt,room13,13
ru.txt,room14,14
ru.txt,room15,15
ru.txt,room16,16
ru.txt,room17,17
ru.txt,room18,18
ru.txt,room19,19
ru.txt,roomMore,%%
ru.txt,complButtNextGame,Играть в следующую игру
ru.txt,complButtLearnMore,Узнать больше
ru.txt,complButtContinue,Продолжить играть
ru.txt,complHeader,Что дальше?
ru.txt,complLearnMore,"Узнать больше про DROD - этот уникальный мир, его главные игры: Journey to Rooted Hold, The City Beneath, Gunthro and the Epic Blunder, а также новые выпуски и дополнения."
ru.txt,complContinue,Продолжить завоёвывать эту Крепость - найди все секреты и открой вход в зону мастеров. Эти две опции доступны из Главного Меню.
